í™”ë ¤í•œ íŒ¨ì…˜ì„ ì†Œí™”í•œ ì„œì˜ˆì§€ë„ ë†€ë¼ìš´ë°.... ê³µëŒ€ìƒë„ ì•„ë‹Œë° ë¬´ì§€í‹°ì— ì…”ì¸ ë§Œ êµë³µì²˜ëŸ¼ ìž…ì—ˆìœ¼ë©´ì„œ ìš©ì•ˆì—ì„œ ë¹›ì´ë‚˜ ê³ ë¬¸ì˜ ì˜†ì—ì„œ ë¹„ì£¼ì–¼ë¡œ ë°€ë¦¬ì§€ì•Šì€ ê¹€ìˆ˜í˜„ë„ ë¨¸ë°•ì¸ ë“œë¼ë§ˆðŸ‘,2ì£¼ ì „,807
ë­ë“  ë‹¤ ì†Œí™”í•´ë²„ë¦¬ëŠã„´ ê¹€ìˆ˜í˜„....ðŸ¤,2ì£¼ ì „(ìˆ˜ì •ë¨),17
600ë²ˆì§¸ ì¢‹ì•„ìš” get ~â˜…,1ì£¼ ì „,0
ì´ ë“œë¼ë§ˆê°€ ì§„ì§œ ì¢‹ì•˜ë˜ê²Œ ë¬¸ì˜ì´ëž‘ ê°•íƒœ ë‘˜ì´ì„œë§Œ ë‹®ëŠ”ê²Œ ì•„ë‹ˆë¼ ìƒíƒœë„ ê°™ì´ ì…‹ì´ì„œ ì„œë¡œ ë‹®ì•„ê°€ëŠ” ê³¼ì •ì´ëž‘ ê·¸ ëª¨ìŠµì´ ë„ˆë¬´ ë³´ê¸° ì¢‹ì•˜ìŒ..,2ì£¼ ì „,780
ì˜¤ì¼€ì´,2ì£¼ ì „,0
ì§„ì§œ...ì—°ê¸°êµ¬ë© 1ë„ ì—†ë„ ì—°ì¶œë„ ì˜¤ì¡Œë„ ë°ì¹¼ë¡œ ë‚¨ì—¬ë°”ë€Œì–´ì„œ íšŒìˆ˜í•œê²ƒë„ ì©”ê³ ... ë¬´ì—‡ë³´ë‹¤ ë§ˆìŒì— ìš¸ë¦¼ì„ ì£¼ëŠ” ë“œë¼ë§ˆì²˜ìŒì´ì˜€ìŒ ã… ã… ã… ã… ,2ì£¼ ì „,571
ì—ë„ˆì§€ê°€ ë„˜ì¹  ê²ƒ ê°™ì€ë° ì–´ë–»ê²Œ í‘¸ì„¸ìš”?,2ì£¼ ì „,0
"@êµ¬ë…ì•ˆí•˜ë©´ ë‹ˆ ê¿ˆì— ë‚˜íƒ€ë‚œë‹¤ 
ë…¸ëž˜ë°©ê°€ì„œ í‹°ì–¼ìŠ¤ë§Œ 2í‚¤ë†’ì—¬ì„œ ì—°ì†ìœ¼ë¡œ í•œ 200ë²ˆ ë¶€ë¦„ ë¨",1ì£¼ ì „,0
ë‹¤ìŒì£¼ë¶€í„° ë„ˆë„¤ì—„ë§ˆëŠ” ì‚¬ì´ì½”ì§€ë§Œ ë‚œì •ë§ ê´œì°®ì•„ê°€ ë°©ì˜ë©ë‹ˆë‹¤,2ì£¼ ì „,351
ì§„ì§œë©´ ì¢‹ê² ë‹¤ã… ã… ,2ì£¼ ì „,8
ì•½ê°„ íŒ¨ë“œë¦½ ì•„ë‹Œê°€ìš¬ã…‹ã…‹ã…‹ã…‹ã…‹ã…‹ã…‹ã…‹ã…‹ã…‹ã…‹ã…‹ã…‹ã…‹ã…‹ã…‹ã…‹ã…‹ã…‹ã…‹ã…‹ã…‹,1ì£¼ ì „,4
ëž€ë° ê·¸ëŸ´ë§Œí•˜ìž–ì•„ìš” ã…‹ã…‹ã…‹ã…‹ã„± ë„í¬ìž¬ëŠ”,1ì£¼ ì „,1
ìž¬ìˆ˜ì—†ë‹¤  ë‚œ ë˜ ê³ ë¬¸ì˜ ë¬¸ê°•íƒœ ê²°í˜¼ ì—í”¼ì†Œë“œì¸ì¤„ ì•„ë¼ì­„ã…‹ã…‹ã…‹ã…‹ã…‹ã…‹ã…‹ã…‹ã…‹ã…‹ã…‹ã…‹ã…‹ã…‹ã…‹ã…‹ã…‹ã…‹ã…‹ã…‹ã…‹ã…‹,1ì£¼ ì „,1
ëž€ë° ã…‹ã…‹ã…‹ã…‹ã…‹ã…‹ã…‹ã…‹ã…‹ ê·¸ëŸ¬ë„¤,1ì£¼ ì „,0
ëž€ë° ì•„ ã…‹ã…‹ã…‹ã…‹ã…‹ã…‹ã…‹ã…‹ã…‹ã…‹ã…‹ã…‹ã…‹,1ì£¼ ì „,0
"ì‹œì²­ë¥ ê³¼ëŠ” ê´€ê³„ì—†ì´ ìž‘í’ˆì´ ì°¸ ì¢‹ì•˜ìŒ.
íŠ¹ížˆ ì‹œì²­ìžë“¤ê³¼ì˜ ê°ì •ì˜ êµë¥˜ê°€ ëŠì–´ì§€ëŠ” ì§€ì ì´ ì—†ì´ ëê¹Œì§€ ìœ ê¸°ì ìœ¼ë¡œ ì£¼ì œë¥¼ ì§„ë“í•˜ê²Œ ëŒê³  ë‚˜ê°„ ì ,ê°€ìž¥ ì¢‹ì•˜ìŒ.
ë³µì„ ì´ ì ì ˆížˆ ì•ˆë°°ê°€ ë˜ì–´ ìžˆë‹¤ë³´ë‹ˆ ê²°ë§ë¡œ ê°ˆ ìˆ˜ë¡ ì•„ëž«ë„ë¦¬ íž˜ ë¹ ì§€ë“¯,ë§¥ ë¹ ì§€ëŠ” ê²°ë§ë„ ì—†ì—ˆê³  ë˜ì ¸ ë†“ì€ ë–¡ë°¥ë„ ì ì ˆížˆ íšŒìˆ˜í•˜ëŠ”ë° ì„±ê³µ.
ë‚˜ë„ ì·¨ë¯¸ë¡œ ì‹œë¥¼ ì“°ê³  ìžˆê³  ê¸€ ì“°ëŠ” ê±¸ ì¢‹ì•„í•˜ì§€ë§Œ ê·¸ë ‡ê²Œ ì‹œë‚˜ë¦¬ì˜¤ë¥¼ ì“°ëŠ” ê²ƒì´ ê²°ì½” ì‰¬ìš´ ì¼ì´ ì•„ë‹Œê±¸ ì•Œê¸°ì—.
ê²°ë¡ ì€ ì¡°ìš© ìž‘ê°€ë‹˜,ë¦¬ìŠ¤íŽ™íŠ¸.ðŸ™
ì°¨ê¸°ìž‘í’ˆë„ ê¸°ëŒ€í• ê»˜ìš”.â£
(ê·¸ë¦¬ê³  ë“œë¼ë§ˆ ì† ë™í™” ì‹œë¦¬ì¦ˆëŠ” ì§„ì‹¬ ê°“ëµìž‘,ì´ê±° ë²ˆì—­ë˜ì„œ ì›”í´ë™í™”ë¡œ ê±°ë“­ë‚˜ì•¼í•œë‹¤ ì§„ì§œë¡œ.ðŸ’¦)",2ì£¼ ì „(ìˆ˜ì •ë¨),468
ê°•íƒœê°€ ì ì  ìžì‹ ì˜ ê°ì •ì„ ë“œëŸ¬ë‚´ê³  ë¬¸ì˜ì´ì—ê²Œë„ ë§ˆìŒì„ ì—´ë©´ì„œ í›¨ì”¬ í–‰ë³µí•´ì§„ê²Œ ë³´ì—¬ì„œ ë„ˆë¬´ ì¢‹ì•˜ì–´ìš”... íŠ¹ížˆ ë¬¸ì˜ì´ê°€ ê°•íƒœí•œí…Œ í–ˆë˜ê±¸ ê°•íƒœê°€ ë¬¸ì˜ì´í•œí…Œ í•˜ëŠ”ê²Œ ë„ˆë¬´ ë„ˆë¬´ ì¢‹ì•˜ì–´ìš”..ã…‹ã…‹ã…‹ã…‹,2ì£¼ ì „,520
ë°”ì´ë°”ì´ ì§œì´ì©¬.,2ì£¼ ì „,0
"ë¬¸ê°•íƒœ -> ê³ ê°•íƒœ

ì‚¬ëž‘í•´ ì‚¬ëž‘í•œë‹¤ê³  ì‚¬ëž‘í•œë‹¤ë‹ˆê¹Œ
04:28 ~ 05:28
ê³ ë¼ë‹ˆ vs ë¬¸ê°•íƒœ 
06:48 ~ 06:52
ìœ„í˜‘í•˜ëŠ” ê³ ê°•íƒœ
08:35 / 09:19
ê°ì • ì¡°ì ˆ ì•ˆ ë˜ëŠ” ê³ ê°•íƒœ
12:14 / 13:08

ì‚¬ëž‘í•˜ë©´ ë‹®ì•„ê°„ë‹¤ë”ë‹ˆ ã… ã…  ë„ˆë¬´ ê·€ì—½ë‹¤
ì•„ ì§„ì§œ ì‚¬ê´œ ëª» ìžƒì–´ ã… ã… ã… ã… ã… ",2ì£¼ ì „(ìˆ˜ì •ë¨),314
ê·¸ë‹ˆê¹Œìš” ã… ã…  ì§„ì§œ ì¸ìƒë“œë¼ë§ˆ ã… ã… â¤ï¸â¤ï¸â¤ï¸â¤ï¸,2ì£¼ ì „,0
ã…‡ã…ˆ ã… ã… ã… ã… ã… ã… ã… ã…  ì–´ì¼€ ìžŠì–´ ìŠˆë°”....,2ì£¼ ì „,0
ã„¹ã…‡ ëŒ€ì‚¬íšŒìˆ˜ë„ ë¯¸ì³¤êµ¬ ë‘˜ì´ ë‹®ì•„ê°€ëŠ”ê±° ë³´ë©´ì„œ í–‰ë³µí–ˆìŒ ã… ã…  ê°•íƒœ ë¬´ë…•ì´ ëª»ìžŠì–´......,2ì£¼ ì „,329
"ì‚¬ëž‘í•˜ë©´ ë‹®ëŠ”ë‹¤ëŠ”ê±´ ëª…ë°±í•œ ì‚¬ì‹¤ìž…ë‹ˆë‹¤.
(+ì‚¬ì½”ê´œ ëª»ë³´ë‚´..ã…œã…œ)",2ì£¼ ì „,7
í˜œì§€í€¸ ê·¸ëŸ¬ë‹ˆê¹Œìš”.....ðŸ¥ºðŸ¥º ë‚˜ ì£½ìœ¼ë¼ëŠ” ê³ ì§€....? ðŸ¥º,2ì£¼ ì „,1
"1:47 ì•„ ì œë°œ ë˜¥ê³ ì§‘ ê·¸ë§Œ ë¶€ë ¤!!   /   5:16 ì•¼!!!! ì‚¬ëž‘í•´ì—‘!!!   /   6:50 ì•„ì´ ì € ê³ ë¼ë‹ˆ ìƒˆë¼ê°€; ë‹¥ì³! ì´ ê³ ë¼ë‹ˆ ìƒˆë¼ì•¼!!   /   12:14 ì–´ì§œí”¼ ë˜¥ìœ¼ë¡œ ìŒ€ ê±° ë°¥ì€ ì™œ ë¨¹ì§€? ì™œ?! / 13:09 ë‹¹ã…‡, ìž¥ë‚œí•´??! ë‚´ê°€ í•˜ê³  ì‹¶ì€ê±°ëŠ”! ëª©ì ì§€ ì—†ì´!! ë’·ì¼ ìƒê°ë„ ì•ˆ í•˜ê³ !!! ê·¸ëƒ¥ ë§‰ ìžìœ ë¡­ê²Œ..!! ë‹¬ë ¤ë³´ëŠ” ê±°ë¼ë‹ˆê¹Œ?!?!?! ê·¸ê²Œ í•œë‹¬ì´ ë¬ë˜ ë°˜ë…„ ì´ìƒì´ ë¬ë˜ ê·¸ë§Œí•˜ê³  ì‹¶ì„ ë•Œ ê¹Œì§€ ê³„ì† ì­ˆìš±",1ì£¼ ì „(ìˆ˜ì •ë¨),17
ì•„ê·¸ëŸ¬ê³  ë³´ë‹ˆê¹Œ ê°•íƒœê°€ ìƒíƒœí•œí…Œ ì—¬í–‰ê°€ìžê³  ì„¤ë“í• ë•Œ ìƒíƒœê°€ ë¶ˆì•ˆí•´ì„œ ì†í†±ìœ¼ë¡œ ì†ë°”ë‹¥ê³„ì† ë‘ë“œë¦¬ëŠ”ê²Œã…‹ã…‹ê±°ì§“ë§ì´ì—ˆë„¤ã…‹ã…‹ã…‹ë†€ë¦¬ë ¤ê³ ã…‹ã…‹ã…‹ã…‹ã…‹ã…‹ã…‹ã…‹ê·€ì—¬ì›Œ,2ì£¼ ì „,241
ì•œã…‹ã…‹ã…‹ã…‹ã…‹ê·¸ëŸ¬ë„¤,2ì£¼ ì „,5
ì´ ë“œë¼ë§ˆëŠ” ë¬´ìŠ¨ ì  ì  ë’¤ë¡œ ê°ˆ ìˆ˜ë¡ ê°•íƒœê°€ í•œë§ì„ ë¬¸ì˜ì´ê°€ í•˜ê³  ë¬¸ì˜ì´ê°€ í–ˆë˜ ë§ì„ ê°•íƒœê°€ í•˜ë„¼ã…‹ã…‹ã…‹ã…‹ã…‹ã…‹,2ì£¼ ì „,91
"ì™€ ì§„ì§œ ê¹€ìˆ˜í˜„ì´ëž‘ ì„œì˜ˆì§€ ì‚¬ê·¹ í•œë²ˆë§Œ ì°ì–´ì£¼ì„¸ìš” ì œë°œ,,,,,,,,ì—­ëŒ€ê¸‰ ë“œë¼ë§ˆ ë‚˜ì˜¬ê²ë‹ˆë‹¤ ì§„ì§œ ,,,,ì œë°œ..!!!!!",1ì£¼ ì „,8
ì´ì œ ë‚˜ì—ê²Œ ì£¼ë§ì€ ì˜ë¯¸ê°€ ì—†ë‹¤,2ì£¼ ì „,237
ë¯¸íˆ¬,1ì£¼ ì „,0
ë‚´ ì¸ìƒë“œë¼ë§ˆ ì¤‘ í•˜ë‚˜ë¡œ ë“±ê·¹ ... â­ï¸ ê°•íƒœì•¼ ë¬¸ì˜ì•„ ë‘˜ë‹¤ ê³¤ì¶©í•™ëŒ€ ì¢€ ê·¸ë§Œí•´ .. ì§„ì§œ ì–¼êµ´ì´ 'ê°œë¯¸'ì³¤ìž–ì•„ ... ì•„ì°¨ì°¨ ê´€ë¦¬ìžë‹˜ ë“œë¼ë§ˆ ì¢…ì˜ ê¸°ë…ìœ¼ë¡œ ë©”ì´í‚¹ ì¢€ ì™•ì°½ í’€ì–´ì£¼ì‹­ì…” ... ^^ (êµ½ì‹ êµ½ì‹ ),2ì£¼ ì „,168
ì£¼ì ‘ì“° ì¹­ì°¬ì“°,2ì£¼ ì „,0
"ë¬¸ê°•íƒœ í™”ë‚¨ ë¶„ì„ ê²°ê³¼
ê·¹ì†Œë…¸- 1:21(ë‚˜ê¸‹~)
ì†Œë…¸- 1:31(í ...)
ì¤‘ë…¸- 1:39(ë¹ ì§)
ëŒ€ë…¸- 1:43(í›„.ì¡°ê¸ˆ ì—´ë°›ë„¤?)
ê·¹ëŒ€ë…¸- 1:48(ëª»ì°¸ì•„!! ë²„ëŸ­!)",2ì£¼ ì „(ìˆ˜ì •ë¨),152
ì—°ê¸°ë„ ì™„ë²½í•œë° íŠ¹ížˆ ë‘˜ ì–¼êµ´í•©ì´ ì§„ì§œ ë¯¸ì³¤ë‹¤..,2ì£¼ ì „,67
ë„ˆ ëˆ„êµ¬ë‹ˆ? ë‚´ ë³µì œë³¸ì¸ê°€??,2ì£¼ ì „,5
ì–´ë¨¸ì–´ë¨¸ ìŒë‘¥ì´ë‹¤,2ì£¼ ì „,1
"ë³µì‹í˜¸í¡ìœ¼ë¡œ ì™¸ì¹˜ëŠ”ê±° ì™„ë²½.....ã…‹ã…‹ã…‹ã…‹ã…‹ã…‹ã…‹ã…‹ã…‹ã…‹
ë‚˜ë„ ë§‰ ì›ƒìŒ ë‚˜ì˜¤ê³  ê·¸ëŸ¬ìž–ì•„ìš”...ã…‹ã…‹ã…‹ã…‹z",2ì£¼ ì „,145
"ì§„ì§œ ì„œì˜ˆì§€ ëŒ€ë‹¨í•¨
ëŒ€ë³¸ì— ì‚¬ëž‘í•´,ì‚¬ëž‘í•´ ê°•íƒœì”¨ ì´ê²ƒë§Œ ì¨ìžˆì—ˆì„í…ë°
ê·¸ê±¸ ì €ë ‡ê²Œ ì†Œí™”í•˜ëƒ..ì§„ì§œ
ê·¸ ëŒ€ì‚¬ë¥¼ ì¡°ê¸ˆ ì†Œì‹¬í•˜ê²Œí–ˆìŒ ê·¸ëƒ¥ ì™„ì „ ë‹¤ë¥´ê²Œ ë³´ì˜€ì„í…ë° ì§„ì§œ ê°“ì˜ˆì§€ðŸ’—ðŸ’—",2ì£¼ ì „,115
"ì–´ì©Œë©´ ë‹¤ ì¨ìžˆì„ìˆ˜ë„ìš”...
ìž‘ê°€ë‹˜ ê¸€ì†œì”¨ê°€ ì›Œë‚™ ëŒ€ë‹¨í•˜ì…”ì„œ..
ì•”íŠ¼ ì„œì˜ˆì§€ë‹˜ ì§„ì§œ ëŒ€ë‹¨í•˜ì‹œê¸´í•¨..
ê°“ì˜ˆì§€â­",2ì£¼ ì „,0
ì—¥ ã„´ã„´ ë¬´ì¡°ê±´ ì¨ìžˆì—ˆì„ë“¯ ì´ˆê¸° ê³ ë¬¸ì˜ì˜ ì„±ê²©ì„ ë“œëŸ¬ë‚´ëŠ” ì¤‘ìš”í•œ ëŒ€ì‚¬ì˜€ê³  ë‚˜ì¤‘ì— ê°•íƒœëž‘ ë¬¸ì˜ì´ëž‘ ë‹®ì•„ê°„ë‹¤ëŠ”ê±¸ ë³´ì—¬ì£¼ëŠ” ëŒ€ì‚¬ìž„. ëŒ€ë³¸ì— ì—†ì„ë¦¬ê°€ ì—†ìŒ ë¬¼ë¡  ì„œì˜ˆì§€ê°€ ê°œìž˜ì†Œí™”í•œê±´ íŒ©íŠ¸,2ì£¼ ì „,11
ê°•íƒœ ë³€í•œê±° ã…ˆã„´ì›ƒê¸°ë„¤ã…‹ã…‹ã…‹ã…‹ã…‹ã…‹ã…‹,2ì£¼ ì „,76
"ì‚¬ê´œ2ê°€ ë‚˜ì˜¬ ê°€ëŠ¥ì„±ì€ ì—†ê² ì§€ë§Œ....
ë‹¤ë¥¸ ë‚˜ë¼ì—ì„œ ë¦¬ë©”ì´í¬ë¼ë„ í•´ì¤­ ã… ã… ã… ",2ì£¼ ì „,155
ë‹¤ë¥¸ ë‚˜ëž”ã…‹ã…‹,2ì£¼ ì „,0
ì‚¬ê´œì€ ì´ë ‡ê²Œ ê°€ë©´ ì•ˆë˜ëŠ”ë°..ã… ã… ,2ì£¼ ì „,7
ì†Œì„¤ì²˜ëŸ¼ ì™¸ì „ë‚˜ì™”ìœ¼ë©´ ì¢‹ê² ìŒ..,2ì£¼ ì „,29
ì•ˆë¼ ê·¸ëŸ¬ë‹¤ ì¤‘êµ­ ì´ê´‘ìˆ˜ì²˜ëŸ¼ ë‚˜ì˜¤ë©´ ì–´ë–¡í•˜ëƒêµ¬ìš”...... ì´ëŒ€ë¡œ ê°„ì§í•˜ê³ ì‹¶ì–´... ë‚´ ì‚¬ê´œ ã…œ,2ì£¼ ì „,17
@ëž€ë° ì¤‘êµ­ ì´ê´‘ìˆ°ã…‹ã…‹ã…‹ã…‹ã…‹,2ì£¼ ì „,0
"ì˜ˆì „ì— ëŒ€í‘œê°€ ì‚¬ëž‘ì—ë„ ì—¬ëŸ¬ ìƒ‰ê¹”ì´ ìžˆë‹¤ê³  í•œ ì´ì•¼ê¸°ê°€ ìƒê°ë‚˜ìš”... ê°•íƒœì™€ ë¬¸ì˜ì˜ ì‚¬ëž‘, ê°•íƒœì™€ ìƒíƒœ ê·¸ë¦¬ê³  ìž¬ìˆ˜ì˜ ì‚¬ëž‘, ê·¸ ì™¸ ëŒ€í‘œ, ìŠ¹ìž¬, ì£¼ë¦¬, ì£¼ë¦¬ ì–´ë¨¸ë‹ˆ ë“±ì´ ê°ê° ì„œë¡œë¥¼ ë‹¤ë¥¸ ìƒ‰ê¹”ë¡œ ì‚¬ëž‘í•˜ëŠ” ê²ƒì´ ë„ˆë¬´ ì•„ë¦„ë‹µê²Œ ëŠê»´ì¡ŒìŠµë‹ˆë‹¤. íŠ¹ížˆ ê°€ìž¥ ì¸ìƒê¹Šì—ˆë˜ ê²ƒì€ ë¬¸ì˜ì´ ë¨¸ë¦¬ë¥¼ ìžë¥´ê³  ìžì‹ ì„ ì‚¬ëž‘í•˜ê²Œ ë˜ì—ˆë˜ ìž¥ë©´ê³¼ ìƒíƒœê°€ ê·¸ë ¤ì¤€ ê·¸ë¦¼ì„ ê°•íƒœê°€ ë³´ê³  ìžì‹ ì„ ê°€ìž¥ ì‚¬ëž‘í•˜ê²Œ ë˜ì—ˆë˜ ìž¥ë©´ì—ì„œ ë“œëŸ¬ë‚˜ë“¯ì´ ê°€ìž¥ ì¤‘ìš”í•œ ê²ƒì´ ìžì‹ ì„ ì‚¬ëž‘í•˜ëŠ” ê²ƒì´ ì•„ë‹ê¹Œ ìƒê°í–ˆìŠµë‹ˆë‹¤. ì—¬ëŸ¬ë¶„ë“¤ë„ ê°ìž ê°€ì§„ ìƒì²˜ë¥¼ í˜¼ìž ì´ê²¨ë‚´ë ¤ í•˜ì§€ ë§ˆì‹œê³  ë‹¤ë¥¸ ì‚¬ëžŒì„ ì‚¬ëž‘í•˜ëŠ” ë§ˆìŒì—ì„œ ê·¸ ìƒì²˜ë¥¼ ì¡°ê¸ˆì”© ê·¹ë³µí•´ë‚˜ê°ˆ ìˆ˜ ìžˆì—ˆìœ¼ë©´ ì¢‹ê² ìŠµë‹ˆë‹¤><",2ì£¼ ì „,152
"ê¹€ìˆ˜í˜„ ì—°ê¸°ëŠ” ì–¸ì œë´ë„
ìžì—°ìŠ¤ëŸ¬ì›€..ì €ì ˆë¡œ í™€ë ¤ì„œë³´ê²Œë¨..
ì²˜ìŒì—” ì—°ê¸°ë•Œë¬¸ì— ì¢‹ì•„í–ˆëŠ”ë°
ë³´ë‹¤ë³´ë‹ˆ ì–¼êµ´ë„ ìž˜ìƒê¸´ê²ƒê°™ìŒ..!
ê²°ë¡ :ìˆ˜í˜„ì˜¤ë¹  ë‚´ê°€ ë§Žì´ ì‚¬ëž‘í•œë‹¤ê³ ã… ã…œã…œ",2ì£¼ ì „(ìˆ˜ì •ë¨),97
ëŠ¦ê²Œë°°ìš´ ì—°ì• ì— ë‚  ìƒˆëŠ”ì¤„ ëª¨ë¥´ëŠ” ê°•íƒœ.,2ì£¼ ì „,64
"06:10 ì•„ ì§„ì§œ ìž…ì„ í™• ë­ í•˜ë©´ì„œ ì•„ë¬´ë ‡ì§€ë„ ì•Šê²Œ ìª½ í•˜ëŠ”ê±° ë¯¸ì¹œë‹¤ ëˆˆë¹›ë´ ã…  ë°°ìš°ë‹˜ë“¤ ì—°ê¸°ë´.,",1ì£¼ ì „(ìˆ˜ì •ë¨),15
ì´ ë“œë¼ë§ˆ í° ì‹œê°„ì´ ê·¸ë¦¬ìš¸ê±°ì•¼,2ì£¼ ì „,142
ê¸ˆìšœë˜ë‹ˆê¹Œ íž˜ë“œë„¤ã…œã…œê¸ˆìš”ì¼ë°¤ë§ˆë‹¤ ì„¤ë ›ì—‡ëŠ”ë° ë‹¤ìŒë‚  ì‚¬ê´œë³¼ìƒê°ì— ì„¤ë ˆê³  ê¸´ìž¥í–‡ì—‡ëŠ”ë°ã…œã…œëë‚˜ì„œã…œã…œì´ì œ ê·¸ëƒ¥ ê¸ˆìšœì´ë„¤ã…œã…œ ì‚¬ê´œì„ ê¸°ë‹¤ë ¸ë˜ íŠ¹ë³„í•œê¸ˆìšœì´ì—¿ëŠ”ë°ã… ã… ì—¬ìš´ ì–´ì©”êº¼ì•¼ã…œã…œí™í™,2ì£¼ ì „,127
ëŒ€ì‚¬íšŒìˆ˜ë¡œ ì„œë¡œ ë°”ë€ŒëŠ”ê±° ì™œìº ì¢‹ëƒ.... ã… ã…  ì´ê±°ë³´ê³  1í™”ë³´ë©´ ì •ë§ ë‹¤ë¥¸ì‚¬ëžŒê°™ìœ¼ë©´ì„œë„ ê°™ì€ì‚¬ëžŒê°™ìŒ ë­ì§•...,2ì£¼ ì „,97
í‚¤ìŠ¤ì‹  ë©”ì´í‚¹ ì¢€ ì£¼ì„¸ìš”......,2ì£¼ ì „,94
ë¹¨ë¦¬ã… ã… ,2ì£¼ ì „,0
ê·¼ë° ì €ê±° ê³ ë¼ë‹ˆ ìš¸ìŒì†Œë¦¬ ì„œì˜ˆì§€ê°€ ë…¹ìŒí•œê±° ì•„ë‹Œê°€ã…‹ã…‹ã…‹ã…‹ã…‹ã…‹ ì„œì˜ˆì§€ ëª©ì†Œë¦¬ê°™ì€ë°ã…‹ã…‹ã…‹ã…‹ã…‹ã…‹ã…‹,2ì£¼ ì „,63
"ê³ ë¼ë‹ˆ ë‹´ë‹¹ ê°ë…ë‹˜ì´ë¼ê³ 
ë©”ì´í‚¹ì—ì„œ ê·¸ëž¬ë˜ê²ƒê°™ì€ë°ìš”..?",2ì£¼ ì „,6
@ì„œì–´ëŠ˜í•œ ê·¸ê±´ ê·¸ ì‹¸ì¸ ì£¼ëŠ” ìš©ë„...?? ì¸ê±° ì•„ë‹ˆì˜€ì–´ìš”? ì•„..ì•„ë‹Œê°€ìš”ã…‹ã…‹,1ì£¼ ì „,5
íŠ¤ë¦½à·†âƒ› ë§žì„ê±¸ìš”,1ì£¼ ì „,1
ì´ë ‡ê²Œ ì™„ë²½í•œ ë“œë¼ë§ˆëŠ” ì •ë§ ì˜¤ëžœë§Œì¸ë“¯..,2ì£¼ ì „,69
ê´œížˆ í•œêµ­ë“œë¼ë§ˆì— ë¯¸ì¹˜ëŠ”ê²Œ ì•„ë‹Œê±° ê°™ì–´... ì´ ëœ¬ê¸ˆ ìž‘í’ˆì€ ë­ë‹¤ëƒ... ì´ì œ ë“œë¼ë§ˆ ì‰¬ê³  ë”´ê²ƒì¢€ í•˜ìž ì‹¶ìŒ ì´ëŸ° ìž‘í’ˆì´ ë‚˜ì˜¤ë„¤... ë°°ìš°ë“¤ë„ ì—„ì²­ë‚˜ì§€ë§Œ ì´ëŸ° ê¸°ë°œí•œ ì—°ì¶œì„ í•œ pdë©° ë¹„ìŠ·í•œë“¯ ì „í˜€ ìƒˆë¡œìš´ ìŠ¤í† ë¦¬ë¥¼ ì“´ ìž‘ê°€ë©°... ëŒ€ë‹¨í•˜ë‹¤ ëŒ€ë‹¨í˜€...,2ì£¼ ì „,43
"ì‹œì¦Œ 2ì¡´ë²„í•©ë‹ˆë‹¤ã… ã…  ë¬¸ì˜ì´ ê°•íƒœ ì•„ë“¤ ë‚³ê³  ìƒíƒœëž‘ ê°™ì´ ì˜¤ìˆœë„ìˆœ ì‚¬ëŠ”ê±° ë´ì•¼ëœë‹¤êµ¬ìš”ã… ã…  ê·¸ëŸ¼ ì‹œì¦Œ 2ì¤€ë¹„í•˜ë©´ì„œ ê°•íƒœ ì•„ë“¤ ì´ë¦„ ì¢€ ìƒê°í• ê²Œìš”...









ðŸ˜‚ðŸ˜‚ðŸ˜‚ðŸ˜‚",2ì£¼ ì „,74
ë¬¸ì˜ì´ê°€ ë‚³ìœ¼ë©´ ë¬¸ì˜ì´ ì•„ë“¤ì´ì§€ ì™œ ê°•íƒœì•„ë“¤ìž„,2ì£¼ ì „,1
@ì¢ƒê¹Œ ë¬¸ì˜ì´ ê°•íƒœ ì•„ë“¤ ë‚³ê³  ->ë¬¸ì˜ì´ëž‘ ê°•íƒœ ë‘˜ì´ ì•„ë“¤ ë‚³ê³ ,2ì£¼ ì „,1
ì±±ì±± ê·¸ì¹˜ ì°¨ë¼ë¦¬ ì´ê²Œë§žì§€,2ì£¼ ì „,1
ì €ëž‘ ê°™ì´ ì¡´ë²„ íƒ€ìš” 5ë…„ì¯¤ ì§€ë‚˜ë„ ì•ˆë‚˜ì˜¤ë©´ ì¼ì¸ ì‹œìœ„ ê°‘ë‹ˆë‹¤ ì €.,2ì£¼ ì „,2
9:26 ì´ê±° ì¡°ì§€ë‚˜ ì•„ë‹ˆëƒê³ ã…‹ã…‹ã…‹ã…‹ã…‹ã…‹ã…‹ã…‹ã…‹ã…‹ã…‹ã…‹ã…‹ ì‹¤ìˆ˜ìš°~ ì‹¤ìˆ˜ìš°~,2ì£¼ ì „,7
"ã…‹ã…‹ã…‹ã…‹ã…‹ã…‹ ë‚˜ë§Œ ì´ëŸ°ê²Œ ì•„ë‹ˆì—ˆì–´ ã…‹ã…‹ã…‹ã…‹ ëŒ“ ì°¾ì•„ë³´ë‹¤ê°€ ""ì•„ ì—†ë„¤..?"" ì´ëŸ¬ê³  ìžˆì—ˆëŠ”ë° ã…‹ã…‹ã…‹ã…‹",5ì¼ ì „,0
6:51 ë‘˜ì´ ëŒ€ì‚¬ë¶€í„° ë°œì„±ê¹Œì§€ ë„ˆë¬´ ë˜‘ê°™ì´ í•´ì„œ ê°œì›ƒê¸°ë‹¼ã…‹ã…‹ã…‹ ì´ ë¶€ë¶„ë§Œ ëª‡ ë²ˆì„ ëŒë ¤ë´¤ëŠ”ì§˜ã…‹ã…‹ã…‹,2ì£¼ ì „,14
ë‹¨ìˆœížˆ ì—°ì¸ì„ ë„˜ì–´ì„œ ì„œë¡œ ê°€ì¡±ì´ ë˜ì–´ê°„ë‹¤ëŠ” ê³¼ì •ê¹Œì§€ë„ ë‚˜ì˜¤ê³  ë„˜ ë³´ê¸° ì¢‹ìŒ,2ì£¼ ì „,43
8ì›” 14ì¼ì— ì˜¬ë¼ì˜¨ ì˜ìƒì¸ë° ì˜¤ë¥¸ìª½ ìœ„ì— 'ë§¤ì£¼ í† ì¼ ë°¤ 9ì‹œ ë°©ì†¡'ì´ë¼ê³  ì í˜€ìžˆë‹¤ëŠ” ê±´ ë‚´ì¼ë„ í•˜ëŠ”ê±°ì£ ??? ë‚´ì¼ ë¹„ìˆ²ì´ ì‹œê°„ì„ ì˜®ê²¨ì„œ 8ì‹œ ì‚¬ê´œì´ 9ì‹œ 30ë¶„ ì´ë ‡ê²Œ ê°€ëŠ”ê±°ì£ ??????(ì§ˆì²™),2ì£¼ ì „,46
10:50 ì—¬ê¸°ì„œ ê¸‰í•˜ê²Œ ì‚¬ë¼ì§€ëŠ”ë° ê·¸ëž˜ë„ ë‹¤ ë´¤ìŠµë‹ˆë‹¤ ì´ë¯¸ ëŠ¦ì—ˆë‹¤êµ¬ìš”!!!!,2ì£¼ ì „,1
ë‹¥ã…Š ã…•ã…“ ê³ ë¼ë‹ˆ ì‰ë¼ì•¼!!! ìµœì• ìž¥ë©´ã…‹ã…‹ã…‹ 6:50,2ì£¼ ì „,22
ìž‘ê°€ë‹˜... ëŒ€ë³¸ ëŒ€ì‚¬ì§‘ ì±…ìœ¼ë¡œ ë‚˜ì˜¬ë•Œ ì™¸ì „ë„ ê°™ì´ ë“¤ê³ ì™€ì¤˜ìš”,2ì£¼ ì „,19
ì™€ìš° ì´ˆë°˜ì— ëˆˆë¹›ê³µê²© ë¯¸ì¹œê±° ì•„ë‹ˆëƒê³ ;; ë¶€ë„ëŸ¬ì›Œí•˜ëŠ”ê²ƒë„ ê°œê¸°ì—¬ì›Œ;,2ì£¼ ì „,42
"ì €ëŠ” ê·¸ëž˜ì„œ ì´ˆë°˜ë¶€í„° ì´ë¶ˆí‚¥ì„ ë‚ ë ¸ì–´ìš”>â—‹< 
ííí",2ì£¼ ì „,1
ê³ ë¼ë‹ˆ : ì™œ ë‚˜í•œí…Œë§Œ ë‹¥ì¹˜ëž˜..ã…œ,2ì£¼ ì „,16
ã…‹ã…‹ã…‹ã…‹ã…‹ã…‹,2ì£¼ ì „,2
"ë‚´ê°€ í•˜íŠ¸ëˆ„ë¥´ë‹ˆê¹Œ 299ë¨...


ë¶ˆ ã…¡ íŽ¸",2ì£¼ ì „,4
ë‘˜ì´ ë„ˆë¬´ ì´ì˜ë‹¤â¤ï¸,2ì£¼ ì „,6
ê³ ë¬¸ì˜ ë¬¸ìƒíƒœ í‚¤ìŠ¤í•˜ëŠ”ê±° ë³´ë©´ì„œ ê°„ìž¥ê²Œìž¥ì— ë°¥ë¹„ë²¼ë¨¹ëŠ” ë‚´ ì¸ìƒì´ ë ˆì „ë“œë‹¤.,1ì£¼ ì „,4
íŠ¹ë³„ íŽ¸ ì œë°œ ë¶€íƒí•´ìš”ã…œã…œ ì‹œì¦Œ 2 ì•„ë‹ˆì–´ë„ ë˜ë‹ˆê¹Œ íŠ¹ë³„ íŽ¸ í•œ ë²ˆë§Œ.. ì € ì´ ë‘˜ ì ˆëŒ€ ëª» ìžŠì–´ìš”ã…œã… ,2ì£¼ ì „(ìˆ˜ì •ë¨),40
í—™. ì €ëŸ° ê³ ë¬¸ì˜ì˜ ëˆˆë¹›ì— ì‚¬ëž‘í•œë‹¤ ë§ì•ˆí• ìˆ˜ìžˆì„ê¹Œìš”? ì—¬ìžë„ ë°˜í•  ëˆˆë¹›ê³¼ ëª©ì†Œë¦¬ë„¤ìš”. ë„·í”Œ ì •ì£¼í–‰ ì‹œìž‘í–ˆëŠ”ë° ëª‡ë²ˆ ë´ë„ ë¬¼ë¦¬ì§€ ì•Šì„ ê±°ì—ìš”~,1ì£¼ ì „,4
ì†”ì§ížˆ ì‚¬ê´œ2 ë§Œë“¤ì–´ìš” ìž‘ê°€ë‹˜~ ë‚˜ ëª»ìžŠì–´ì„œ ìƒì‚¬ë³‘ ê±¸ë ¤ã… ã… ,2ì£¼ ì „,24
ì´ë²ˆì£¼ ì£¼ë§ë¶€í„° ì‚¬ê´œ ëª»ë³´ëŠ”ê±° ì‹¤í™”?? ã…œã…œ í•˜ì•„....ì‚¬ê´œ ëª»ìžŠì–´...ë‚´ ì¸ìƒë“œë¼ë§ˆ....,2ì£¼ ì „,18
ì§„ì§œ ì›ƒê²¨ì£½ê² ë„¤ ë‹¨ì „ì—ì„œ ë‚˜ì˜¤ëŠ” ì†Œë§„ã…‹ã…‹ã…‹ê°•íƒ´ã…‹ã…‹ã…‹ã…‹ã…‹,2ì£¼ ì „,6
"í•˜...ì£¼ë§ì— ë³¼ ë“œë¼ë§ˆê°€ ì—†ì—ˆë˜ ë‚˜ì—ê²Œ ìš´ëª…ê°™ì´ ì°¾ì•„ì™”ëŠ”ë°, ëë‚˜ë‹ˆê¹Œ ë­”ê°€ í—ˆì „í•¨ã… ã…  (ê·¸ëž˜ì„œ ë§¨ë‚  ëŒë ¤ë³´ëŠ” ì¤‘)",2ì£¼ ì „,21
ê³ ë¼ë‹ˆ ì‰£í‚¤ ì €ê±° ì›ƒì„ë•Œ ì—°ê¸° ì•„ë‹Œë“¯...ã„¹ã…‡ë¡œ ì›ƒëŠ”ë°?ã…‹ã…‹ã…‹ã…‹ã…‹ã…‹ã…‹ã…‹ã…‹ã…‹ã…‹ã…‹,2ì£¼ ì „,9
ë‚œ ë‚´ê°€ ì ¤ ì¢‹ì•„. ì´ë¶€ë¶„ì´ ì ¤ ì¢‹ë„¤.,2ì£¼ ì „,7
ë‘˜ ë‹¤ ì—°ê¸°ë ¥ ë¹„ì£¼ì–¼ í”¼ì§€ì»¬ ëª©ì†Œë¦¬ ë„ˆë¬´ ì˜¤ì§€êµ¬...,2ì£¼ ì „,11
ì•„ë¬´ë„ ëª¨ë¥´ê²Œ ë‚˜ë§Œ ì•Œê³  ì‹¶ì€ ë“œë¼ë§ˆì˜€ë‹¤ ã… ã… ã… ã… ã… ã… ã… ã… ã… ã… ã… ã… ã… ã…  ì˜¤ëž˜ë„ë¡ ë‚´ ë§ˆìŒì— ë‚¨ì•„ìžˆì„ê±°ì•¼ã…œã…œã… ,2ì£¼ ì „,10
ë©”ì´í‚¹ ì•ˆ ì¤˜ë„ ë˜ë‹ˆê¹Œ ë¸”ë£¨ë ˆì´ ì¤˜ìš” ì§„ì§œ.,2ì£¼ ì „,15
ê°•íƒœì˜ ë‚´ê°€ ì œì¼ ì¢‹ì•„ëŠ” ìƒíƒœì˜ ì‚¬ëž‘ë„ ë¬¸ì˜ì˜ ì‚¬ëž‘ë„ ë°›ê³ ìžˆëŠ” ë‚´ê°€ ì œì¼ ì¢‹ë‹¨ ì˜ë¯¸ë„ ìžˆëŠ”ê±°ê°™ì•„ìš” ê²°êµ­ ë‘˜ ëª¨ë‘ë¥¼ ì‚¬ëž‘í•œë‹¤ëŠ” ì˜ë¯¸ë¼ê³  í˜¼ìž ìƒê°ì¤‘ ë¬¼ë¡  ìžì¡´ê°ì„ ì°¾ì€ ê°•íƒœë¼ëŠ” ì˜ë¯¸ê°€ ì œì¼í¬ê² ì£ ^-^,2ì£¼ ì „,5
ë‹¥ì³í—ˆ !!ë‚´ ì‹¬ìž¥ì†Œë¦¬ì•¼í•˜.......,2ì£¼ ì „(ìˆ˜ì •ë¨),15
ì‚¬ì´ì½”ì§€ë§Œê´œì°®ì•„ ì‚¬ëž‘í•´ìš” ã… ã… â¤ï¸â¤ï¸â¤ï¸,2ì£¼ ì „,23
"???:ì‘(ë‚˜ê¸‹) (...) (ì‹¬ê¸°ë¶ˆíŽ¸) ì•¼ ê³ ë¬¸ì˜
ëŒ€ë‹µ ì¢€ í•´.. ì´ì•¼ê¸° ì¢€ í•˜ìžë‹ˆê¹Œ...^^
ì•„ ì œë°œ ë˜¥ê¼¬ì§‘ ì¢€ ê·¸ë§Œ ë¶€ë ¤!!!
???:?!?!?!?! (ë²Œë–¡) ë„ˆ ì§€ê¸ˆ ë‚˜í•œí…Œ ì†Œë¦¬ì³¤ì–´?!
???:(...) í¬í  
???:(ì°Œë¦¿)
???:(ê¹¨ê¹½) ì•„ë‹ˆ....",1ì¼ ì „(ìˆ˜ì •ë¨),0
"ì‚¬ëž‘í•´ ì‚¬ëž‘í•œë‹¤ê³ !!! ì‚¬ëž‘í•œë‹¤ëŠ”ë° ì™œ ë„ë§ì³? ì´ê±°ëž‘ ë‹¥x ì´ ê³ ë¼ë‹ˆ ì‰ë¼ì•¼ ë„˜ ì›ƒê²¼ëŠ”ë° ì™œ ë§‰í™”ëƒê³  ì‚¬ì´ì½”ì§€ë§Œ ê´œì°®ì•„2 ë‚˜ì˜¤ìžâ™¥â™¥
ê·¸ë¦¬ê³  ë¬¸ê°•íƒœê°€ ë¬¸ìƒíƒœëž‘ ë¬¸ì˜ì´í•œí…Œ ë°œë¡œì°°ë•Œ ì™œ ì°¨ëƒê³  í•˜ëŠ”ê±° ë„˜ ê·€ì—½ë‹¤ ã…‹ã…Žã…‹ã…Žìƒíƒœì˜µ ë„˜ ì—°ê¸° ìž˜í•œë‹¤",2ì£¼ ì „(ìˆ˜ì •ë¨),5
"ì§„ì§œ ì™¸ì „ í•˜ë‚˜ë§Œ ë‚´ì¤˜ìš”ã… ã…  20ë¶„ì´ë¼ë„ìš”ã… ã…  ì œë°”ì•„ì•Œ!! í‚¤ê°ˆë„£ìœ¼ë©´     
 tvn ì‚¬ëž‘í•˜êµ¬ìš”~",2ì£¼ ì „,6
6:44 ë¶€í„° ìžë§‰ì´ ë¯¸ì³¤ìŒã…‹ã…‹ã…‹,2ì£¼ ì „,3
ì‹œì¦Œ 2 ê°€ìž,2ì£¼ ì „,11
6:50,2ì£¼ ì „,21
"ì €ëŸ° ê°ì • ëŠë¼ê³  ì‹¶ë‹¤.
ì¢‹ì•„í•˜ê³  ì•„íŒŒí•˜ê³  
ì‚¬ëž‘í•´ì„œ ë˜ ì•„í”„ê³ 
ì•„íŒŒë„ ë„ˆë¬´ ì¢‹ê³ ..
ëª¨ë“  ì¢‹ì•„ì§€ëŠ” ê°ì •~",2ì£¼ ì „,6
ìƒê°í•´ë³´ë©´ ë¬¸ì˜ì´ëž‘ ê°•íƒœê°€ ìš´ì´ì•ˆì¢‹ìš´ê±°ë³´ë©´ ì™¸ëª¨ì— ìš´ ë‹¤ì¨ì„œ ê·¸ëŸ°ë“¯,1ì£¼ ì „,2
ã…‹ã…‹ã…‹ã…‹íã… ã… ã… ã… ã…‹ ì´ê±° ë³¸ë°©ìœ¼ë¡œ ë´£ì„ë•Œ ì§„ì§œ ê°œì›ƒê²¼ì—ˆëŠ”ë° ã…‹ã…‹ã…‹ã…‹ã…‹ã…‹ã…‹ã…‹ã…‹ã…‹ã…‹ã…‹ã…‹ã…‹ ì˜¬ë ¤ì£¼ì…”ì„œ ê°ì‚¬í•´ìš”â¤â¤â¤,2ì£¼ ì „,1
ë‚˜ëŠ” ì§„ì§œ ì´ê±° ì‹œì¦Œ2 ë‚˜ì™€ì¤¬ìœ¼ë©´ ì°¸ ì¢‹ê² ëŠ”ë° ã…Žã…Žã…Ž,1ì£¼ ì „,1
ì´ê±° ì¢…ì˜í•˜ê³  ì˜¬ë¼ì˜¨ ì˜ìƒì¸ë° ì™œ ë§¤ì£¼ í† ì¼ 9ì‹œë°©ì†¡ ì ì–´ë†“ì€ê±°ì—ìš”...? ë‚˜ ë†€ë¦¬ëŠ”ê±°ì—ìš”..?...ì‚¬ê´œëŒì•„ì™€..,2ì£¼ ì „(ìˆ˜ì •ë¨),3
ì œë°œ ì‚¬ê´œ2ë„ ë§Œë“¤ì–´ì£¼ì„¸ìš”..,2ì£¼ ì „,4
2:55 ê·¸ë ‡ê²Œ ì›ƒì§€ë§ˆ...ë‚˜ ì‹¬ì •ì§€ ì˜¨ë‹¤ê³ ..!!! ì— ë·¸ëŸ°ìŠ¤ë¶ˆëŸ¬..ì— ë·¸ëŸ°ã……...((í„¸ì©,1ì£¼ ì „(ìˆ˜ì •ë¨),1
ì£¼ë§ë§ˆë‹¤ ì´ì œ ë­ í•´ì•¼í•˜ì§€?,2ì£¼ ì „,6
ì˜¤ëŠ˜ ê¸ˆìš”ì¼ì¸ë°..ë‚´ì¼ ë¨¸í•˜ì§€?ì–´?ë‚´ì¼ ë¨¸..ë¨¸í•˜ì§€?í—ˆë¦¬ê°€ íœ˜ë„ë¡ ì³ ìžì•¼ë˜ë‚˜?ðŸ˜­ðŸ˜­,2ì£¼ ì „,8
ì†”ì§ížˆ ì €ê±° í˜„ì›ƒì´ë‹¼ã…‹ã…‹ã…‹ã…‹,2ì£¼ ì „,3
ë³´ê³ ì‹¶ë‹¤ ì‚¬ê´œ... ê²©ë ¬í•˜ê²Œ ë³´ê³ ì‹¶ë‹¤...  ì •ë§ ë„ˆë¬´ ë³´ê³ ì‹¶ë‹¤... ë‚œ ì•„ì§ ë¬¸ì˜ê°•íƒœìƒíƒœë¥¼ ìžŠì§€ ëª»í–ˆì–´ìš”.... ì™¸ì „ìœ¼ë¡œ ì•  ë‚³ê³  ë’·ì´ì•¼ê¸° ë‚˜ì˜¨ë‹¤ë©´ ë‚˜ ì§„ã…ìž í–‰ë²…í• ê±°ê°™ã…‡ã…......,2ì£¼ ì „,3
ìž‘ê°€ë‹˜ ë“œë¼ë§ˆ ë§Žì´ ì¨ì£¼ì„¸ìš” ì‚¬ëž‘í•´ìš” ì§„ì§œ,2ì£¼ ì „,3
ì ­ì•Œ ì‹œì¦Œ 2ã… ã… ã… ã… ã… ã… ,2ì£¼ ì „,4
ã…‡ã„´ã…‹ã…‹ã…‹ã…‹ã…‹ì¸ë„¬ ë¯¸ì¶‹ã…‹ã…‹ã…‹ã…‹ã„²,1ì£¼ ì „,1
ì‹œì¦Œ2!!!! ì‹œì¦Œ2ã… ã… ã… ã…  ë‚¼ë•Œê¹Œì§€ ìˆ¨ ì°¸ìŒ,2ì£¼ ì „,7
ë„µëžœë¶„ì´ë‹¤..íŒ¬ì´ì—ìœ  .,2ì£¼ ì „,0
ì‚´ì•„ê³„ì„¸ìš”?,1ì£¼ ì „,0
ê³ ë¼ë‹ˆ  ì§„ì§´ã…‹ã…‹ã…‹ã…‹ã„²ã…‹ã…‹,2ì£¼ ì „,3
"11:06 ë‹¤ì†Œ ì›ƒê¸¸ìˆ˜ ìžˆëŠ” ì˜ì™¸ì˜ ëŒ€ì‚¬ì˜€ì§€ë§Œ, ì´ ë“œë¼ë§ˆë¥¼ í†µí‹€ì–´ ë¬¸ê°•íƒœì˜ ë³€í™”ë¥¼ ë³´ì—¬ì£¼ëŠ” ê°€ìž¥ ê·¹ì ì¸ ëŒ€ì‚¬ì˜€ë‹¤ê³  ìƒê°í•´ì„œ ë„˜ ì¢‹ì•„í•´ìš”.",1ì£¼ ì „(ìˆ˜ì •ë¨),0
ì£¼ë§ì—” ë­í•˜ëƒ  ì‚¬ê´œ ë¬´í•œë°˜ë³µì¤‘,2ì£¼ ì „,3
ëë‚˜ì§€ë§ˆã… ã… ,2ì£¼ ì „,5
ì•„ë‚˜ ì €ë²ˆì— ëˆ„ê°€ ë°”í€´ë²Œë ˆ í—¤ì–´ë¼ê³  í•´ì„œ ë³¼ë•Œë§ˆë‹¤ ë°”í€´ë²Œë ˆ ìƒê°ë‚˜ë„¤ ê·¸ ë†ˆ ì–´ë”§ì–´ ì‹œíŒ¡...ã… ã… ã… ,2ì£¼ ì „,5
ì‚¬ê´œ2ì œë°œìš”...ì´ë ‡ê²Œ ë“œë¼ë§ˆì— ìš¸ê³  ì›ƒê³  ì§„ì‹¬ì¸ì  ì²˜ìŒì´ì˜€ëŠ”ë° ã… ã…  ì´ë ‡ê²Œ  ë³´ë‚´ëŠ”ê±´ ë„ˆë¬´ íž˜ë“¤ë‹¤êµ¬ìš”.. ë¬¸ì˜ê°•íƒœ ê½ëƒ¥ê½ëƒ¥ í•˜ëŠ”ê±° ìƒíƒœ ë©‹ì§„ ìž‘ê°€ê°€ ë˜ëŠ”ê±° ìƒì¸ì£¼ë¦¬ë’·ì´ì•¼ê¸° ë“±ë“± ë‹¹ì‹ ë“¤ í• ìˆ˜ìžˆìž–ì•„.. ì‹œì²­ë¥ ì€ ê±±ì •ë§ê³ ..,2ì£¼ ì „,4
ì¦Œ2ê°€ ì•ˆ ë˜ë©´ ì—í•„ë¡œê·¸ ë²ˆì™¸ë¼ë„.... ì œë°œ ì£¼ì†Œì„œ........ ê´‘ê´‘,2ì£¼ ì „,1
ì•… ì´ì œ ì§„ì§œ ë­ë³´ëƒê³  ã… ã…  ë‚´ ì¸ìƒë“œë¼ë§ˆðŸ¥ºâ¤ï¸â¤ï¸,2ì£¼ ì „,1
"ì €ëˆ”ì˜ ê³ ë¼ë‹ˆ ì…°í‚·ì€ í•˜ì—¬íŠ¼ ëˆˆì¹˜ê°€ ì—†ì–´ã…‹ã…‹ã…‹ã…‹ã…‹
ê³ ë¼ë‹ˆê°€ ì²«íšŒë¶€í„° ë§ˆì§€ë§‰ê¹Œì§€ ìºë¦¬í•˜ë„¤ã…‹ã…‹ã…‹ã…‹ã…‹",5ì¼ ì „,0
ê·¸ë¦½ë‹¤ ì‚¬ê´œ..â™¡â™¡â™¡ã… ã…¡ã… ,2ì£¼ ì „,1
"06:50
ã…¡ã…¡ ê³ ì†Œí•©ë‹ˆë‹¤ 
-ê³ ë¼ë‹ˆí˜‘íšŒ",2ì£¼ ì „(ìˆ˜ì •ë¨),1
ì˜¤ì§€ê³  ë¯¸ì³¤ë‹¤. ë§¤ì¼ ëŒë ¤ê³ ë³´ ë˜ë³´ê³  ê³„ì† ë³´ê³ ~~ë‚´ ë‚˜ì´ 46 ì²­ë…„ê°™ì€ ì•„ìž¬ ã…œã…œ,2ì£¼ ì „,1
05:16 ì—¬ê¸° ì™¤ì¼€ì¢‹ì§€ã…‹ã…‹ã…‹ã…‹ã…‹ã…‹,1ì£¼ ì „,1
"ì‚¬ëž‘í•´ ì‚¬ëž‘í•´ ì‚¬ì´ì½”ì§€ë§Œ ê´œì°®ì•„ì”¨ , ì‚¬ëž‘í•´ ì‚¬ëž‘í•œë‹¤ë‹ˆê¹Œ?! ì‚¬ëž‘í•œë‹¤ëŠ”ë° ì™œ ëë‚˜ !! ì‚¬ëž‘í•´ ì•¼ !!!!!!!!! ì‚¬ëž‘í•œë‹¤ê³ ",2ì£¼ ì „,1
1:42 ê³ ë¬¸ì˜ ì—„ì²­ ê·€ì—¼,2ì£¼ ì „,1
ì–´ìš° ì € ë©œë¡œëˆˆê¹” ë„ˆë¬´ì¢‹ì•„..,3ì¼ ì „,1
5:16 ì•¼ì• ì‚¬ëž‘í•´ì•µã„±,1ì£¼ ì „,0
ìš°ë¦¬ ê³ ê°•íƒœì’¸ ã…ˆã„´ì¢‹ì•„...,2ì£¼ ì „,1
ì‚¬ê´œ 2 ê°€ ê³ íŒŒìš” ã… ã… ã… ã… ã… ,2ì£¼ ì „,1
ì•„ì§ë„ ë´ë„ ë„ˆë¬´ ì¢‹ë‹¤â™¥,2ì£¼ ì „,1
ë§ˆì´ ì»·ë”° ê³ .ê°•íƒœã…‹ã…‹ã…‹ã…‹ã…‹,2ì£¼ ì „,0
ì˜¤ì •ì„¸ë¥¼ ìœ„í•œ ì˜¤ì •ì„¸ì—ì˜í•œ ì˜¤ì •ì„¸ì˜ ë“œë¼ë§ˆ~~,2ì£¼ ì „,0
ëë‚˜ì„œ ë„ˆë¬´ ì•„ì‰½ë‹¤. ìš”ì¦˜ ì‹¸ì´ì½”íŒ¨ìŠ¤ ì—¬ì£¼ ì›¹ì†Œ ì½ëŠ”ë° ì„œì˜ˆì§€ê°€ ìžê¾¸ ìƒê°ë‚˜. https://novel.naver.com/best/list.nhn?novelId=897635,1ì£¼ ì „,0
5:15(ë³µì‹œí˜¸í¡) ì•¼!!,2ì£¼ ì „,0
ì•„ìš° ì¦ë§.... ê°•íƒœ ë¬´ë…•ì´ ëª»ìžŠì–´ ì ˆëŒ€ë¡œ ë„¤ë²„ ì—ë²„..... ê·¸ë‹ˆê¹Œ ì‹œì¦Œ 2 ë‚´ì¤„ê±°ì§€...?,2ì£¼ ì „,5
ì˜¤ìš° ë°±ì—¬ì‹œ ì–´ë””ê°”ì§€ã…‹ã…‹ã…‹ã…‹ã…‹ ê°€ì§€ë§ˆìš”ì˜¤ì˜¤ì˜¤ã… ã……ã… ,1ì£¼ ì „,0
9:25 ?? ì¡°ì§€ë‚˜?,1ì£¼ ì „,0
ì•žìœ¼ë¡œë„ ë‘ê³ ë‘ê³  ì°¾ì•„ë³¼ ê±° ê°™ë‹¤ ìœ„ë¡œë¥¼ í•´ì£¼ëŠ” ê²ƒ ê°™ì€ ë“œë¼ë§ˆì•¼,1ì£¼ ì „,0
ì‚¬ëž‘í•´!! ì‚¬ëž‘í•´!!ì‚¬ëž‘í•œë‹¤ê³ !!!!,1ì£¼ ì „,0
ê·¼ë° ë˜ ìƒê°í•´ë³´ë‹ˆ ìƒíƒœ ë’·ë¨¸ë¦¬ì— ê´€í•œ íŠ¸ë¼ìš°ë§ˆ ë–¡ë°¥ì€ ì•ˆë‚˜ì™”ë„¤.. ì©..,1ì£¼ ì „,0
ë‹˜ë“¤ì´ ë³´ê³ ì‹¶ì–´ í•˜ëŠ”ê±° ì—¬ê¹„ë‹¤ 6:51,6ì¼ ì „,0
ë‚œ ì™œ ìžë§‰ì´ ë” ì›ƒê¸¸ê¹Œã…‹ã…‹,2ì£¼ ì „,2
ì—­ì‹œ ë¬¸ë©°ë“¤ì–´ã…“ã…†ë„¤ìš”,2ì£¼ ì „,0
14:00,2ì£¼ ì „,2
ì €ê²Œ ëª¨ì ì˜ ìŠ¤í‚¬ì´ë¼ê³±?,1ì£¼ ì „,0
https://youtu.be/4x1Hu4n0F70 ê¹€ìš©í˜¸ì—°ì˜ˆë¶€ìž¥ì´ë¼ëŠ” ê¸°ìžê°€ ì´ìƒí•œ ìŒ‰ì†Œë¦¬ í•©ë‹ˆë‹¤ ê¹€ìˆ˜í˜„ ì„œì˜ˆì§€ê°€ ì‚¬ê·„ë‹¤ë‚˜ ë­ë¼ë‚˜ ì—¬ëŸ¬ë¶„ë“¤ ê¹€ìˆ˜í˜„íŒ¬ë¶„ë“¤ ì„œì˜ˆì§€ íŒ¬ë¶„ë“¤ ë§í¬ ë³µì‚¬í•´ì£¼ì„¸ìš” ë©€ë¦¬ í¼íŠ¸ë ¤ì£¼ì„¸ìš” ì´ì‚¬ëžŒë•Œë¬¸ì— ì´ ê¸°ìž ë¯¿ê³  ì–´ë¥¸ë“¤ì´ ì„œì˜ˆì§€ ì‹¤ì œë¡œ ì‚¬ì´ì½”ë¼ê³  ìš•í•œë‹¤ë„¤ìš” ì´ê¸°ìž í—ˆìœ„ì‚¬ì‹¤ í¼íŠ¸ë¦¬ê³ ë„ ì‚¬ê³¼ëž€ 1ë„ì—†ì´ 2ì‹œê°„ 3ì‹œê°„ ë‚˜ë¶ˆë‚˜ë¶ˆ ê±°ë¦¬ë„¤ìš” ê°€ì„œì‹ ê³  í•´ì£¼ì„¸ìš”,1ì£¼ ì „(ìˆ˜ì •ë¨),1
ë¸ë£¨ë‚˜ ì• ë„ê¸°ê°„ ëë‚˜ë‹ˆê¹Œ ì‚¬ë¶ˆ ë‚˜ì˜¤ê³  ì‚¬ë¶ˆ ì• ë„ê¸°ê°„ ëë‚˜ë‹ˆê¹Œ ì‚¬ê´œ ë‚˜ì˜¤ë„¤.. ì‚¬ê´œ ì• ë„ê¸°ê°„ ëì—ëŠ” ì–´ë–¤ ëµìž‘ì´ ë‚˜ì˜¬ê¹Œ.. í‹°ë²¤ ë¯¿ìŠµë‹ˆë‹¤,2ì£¼ ì „,0
6:08,1ì£¼ ì „,0
"ë§¤ì£¼ í† ì¼ ë°¤ ì•„í™‰ì‹œ ë°©ì†¡,,,,ì´ê±° ë–¡ë°¥ì¸ê±°ì£ ?? ê·¸ëŸ°ê±°ì£ ??? ì‹œì¦Œ 2ë‚˜ì˜¨ë‹¤ëŠ”ê±°ì£ ?????? ì „ ê·¸ë ‡ê²Œ ì•Œê³ ìžˆê² ìˆ¨ë‹¤",2ì£¼ ì „,1
6:47,2ì£¼ ì „,1
ì–¼ë ˆ?ì™œ ë°”ê¼ˆëƒ,1ì£¼ ì „,0
We want more Kim Soo Hyun and Seo Yea Ji behind the scene !!ðŸ˜­ðŸ˜­TVNðŸ˜©ðŸ˜©,2ì£¼ ì „,5
"ì œ ì¹œêµ¬ê°€ ì˜í™”ë°°ìš° ì •ì¤€í˜¸ì”¨ ê´‘ê³ í•˜ëŠ” ê¸°íšë¶€ë™ì‚° ê´‘ê³  ë³´ê³  ë•…ìƒ€ë‹¤ê°€ ì‚¬ê¸°ë‹¹í•´ ìš°ìš¸ì¦ì— ìžì‚´ì‹œë„ ê¹Œì§€ í–ˆìŠµë‹ˆë‹¤.

 ê³ ì†Œë„ í•˜ê³  1ì¸ì‹œìœ„í–ˆì§€ë§Œ, ì•„ë¬´ ì†Œìš©ì´ ì—†ìŠµë‹ˆë‹¤. 

ì§€ê¸ˆë„ ì •ì¤€í˜¸ì”¨ ê´‘ê³ ë³´ê³  ë¶ˆë²• ìž„ì•¼ê³µìœ ì§€ë¶„ì„ íŒë§¤í•˜ê³  ìžˆëŠ” ê¸°íšë¶€ë™ì‚°ì˜ ê´‘ê³ ê°€ ì¤‘ë‹¨ë  ìˆ˜ ìžˆë„ë¡ ë™ì˜ë¶€íƒë“œë¦½ë‹ˆë‹¤.

https://www1.president.go.kr/petitions/Temp/XWXN4U",1ì£¼ ì „,0
4:28,1ì£¼ ì „,0
"[ì‚¬ê´œì„ ë³´ë‚´ë©°] - ë§ˆì§€ë§‰ ë¦¬ë·° / [Good bye - Psycho]
http://m.blog.naver.com/illiter/222056221519",2ì£¼ ì „,0
"ê¹€ìˆ˜í˜„â¤ì„œì˜ˆì§€ ì—´ì•  ì¸ì •
ë‚´ì¼ ì´ ê¸°ì‚¬ ëœ¨ë©´ ë‚˜ ë’¤ì§€ê²Œ ê¸°ì ë“¯",2ì£¼ ì „,3
ë–³ìœ¼ë©´...í¼í¼..ì£„ì†¡ã…‹ã…‹,1ì£¼ ì „,0
13:38,2ì£¼ ì „,10
ã„±ã……ã„±ã……,2ì£¼ ì „,0
ì•„ ê°•íƒœì•¼ ë„Œ ì™œ í˜€ë¥¼ ì•ˆì“°ë‹ˆ.. í˜€ë¥¼ ì¨ì•¼ì§€.. ë‚¼ë¦„ë‚¼ë¦„ í• ì§í• ì§ ë„£ì—ˆë‹¤ ëºë‹¤ ë‹¹ê²»ë‹¤ ë°€ì—ˆë‹¤,2ì£¼ ì „(ìˆ˜ì •ë¨),10
ë°•ì§„ì£¼ê°€ ì„œì˜ˆì§€ë¥¼ ì‹œëŸ¬í•˜ë‚˜ìš”??,2ì£¼ ì „,2
ì˜¤ìž‰ ì™œìš”?,2ì£¼ ì „,1
@syl5759ë°•ì§„ì£¼ì¸ìŠ¤íƒ€ì—ì„œ ë¬¸ì˜ì´ë§Œ ëº€ ì‚¬ì§„ ì˜¬ë¦¬ê³ ã…¡ã…¡ë©”ì´í‚¹ë³´ë©´ ëŠë‚Œì´ã…¡ã…¡,2ì£¼ ì „,0
"@ì¤‘ë…ëœê·¸ë…€ ì«Œ,,;;",2ì£¼ ì „,3
ê¶ì˜ˆê°™ì•„ìš¤,2ì£¼ ì „,2
??? ê°œì–µì§€ ì•„ë‹Œê°€ìš”ã…‹,2ì£¼ ì „,4
ì™œì—¬ì–´???,2ì£¼ ì „,0
ì¡°ê¸ˆë§Œë²„ë‹¤ê°€ë³´ë©´ã…‹ã…‹ã…‹ìž…ì„ë¹¨ì•„ë¨¹ëŠ”ê±°ë‚˜ì˜´ã…‹ã…‹ ê·¸ê±°ë³´ê±° ì¶©ê²©ë¨¹ìŒà¼¼;Â´à¼Žàº¶ Û à¼Žàº¶à¼½à¼¼;Â´à¼Žàº¶ Û à¼Žàº¶à¼½,1ì£¼ ì „,1
ë”  ë©‹ì§„ ì°¨ê¸°ìž‘ìœ¼ë¡œ ë³´ìž ì´ëŸ° ìš°ìš¸ìž‘í’ˆ ì´ê±¸ë¡œ ëë‚´ìž ìŠ¤í† ë¦¬ê²°ë§ë§Œ ë³´ë ¤ê³ ë³¸ ëŠë‚Œì´ë¼ ë‚œ ê²°ë§ë„ ê·¸ì €ê·¸ëž¬ì–´ ã… ã… ë¨¼ê°€ ë§ˆë‹ˆ ì•„ì‰¬ìš´ë° ë§í•˜ìžë‹ˆ ë˜ ì•…í”Œë¡œ ë¹„ì¹ ìˆ˜ìžˆì–´ì„œ ë§ì•„ë¼ê³  ì•„ì‰¬ì›€ë‹¬ëž˜ê³   ê± ë‹´ ë©‹ì§€ê³  ìž¬ë°‹ëŠ” ê¹€ìˆ˜í˜„ ìƒˆë¡œìš´ ì°¨ê¸°ìž‘ ê¸°ë‹¤ë ¤ë³¸ë‹¤,2ì£¼ ì „,1
