에브리 세 놐ㅋㅋㅋㅋㅋㅋㅋㅋㅋㅋㅋㅋㅋㅋㅋㅋㅋㅋㅋㅋㅋㅋㅋㅋㅋㅋㅋㅋㅋㅋㅋㅋㅋㅋㅋㅋㅋㅋㅋㅋㅋㅋㅋㅋㅋㅋㅋㅋㅋ 아 진짜 언니사랑해요,1주 전,1639
한국말 못하는거 맞나 ㅋㅋㅋㅋ 뭐 저리 신박한 표현을 ㅋㅋㅋㅋㅋ,4일 전,35
은근히 유재석이 제시한테 안져줌ㅋㅋㅋㅋㅋ 효리랑 잇을땐 확실히 져주는게 보이는데 제시는 냅두면 너무 날뛰니까 어느정도 잡으려고 해서 제시도 중간에 깨갱 모먼트가 잇어서 재미짐ㅋㅋㅋㅋㅋ,1주 전,4748
사실 저렇게 하기 은근 힘든데 맞춰주는 스킬이 대단하신듯,4일 전,649
제시도 방방뛰긴하지만 커몬할때 일부러 깨갱해주는 것도 있는듯ㅋㅋㅋ 계속 커몬커몬하면 좀 짜증날만도 한데 ㅋㅋㅋ,4일 전,794
"@MOU5E 갓재석,,,",4일 전,38
@Wun Level 마자옄ㅋㅋㅋ 그래서 서로 눈치껏 잡고 잡혀주고 그러는거 같아여 ㅋㅋㅋ,4일 전,356
효리한텐 당해야 재미있고 제시한텐 구박해야 재밌는걸 아니까 그러는거 ㅋㅋ,3일 전,298
의도적으로 잡고 뭐 그러는게 아니라 티키타카가 잘되는듯,3일 전,114
저게 타고나길 사람 잘 대하는 사교성이고 재밌으면 캐미,3일 전,19
제시도 이제 예능에 자주 나오면서 적응해 나가는 것 같던데,3일 전,39
버릇과 예의는 제대로,3일 전,7
"제시 안그러면 폭주함ㅋㅋ
런닝맨에서 어느정도 다 토크 지분 가져가서 고루 방송 나와야하는데 제시가 끊임없이 말하니 묻히는 사람들 나와서 그런듯",3일 전,42
@Ceil o 근데 런닝맨하고 비교해서 제시 반응도 변한 것 같음. 런닝맨에서는 유재석 말마다 짜증?냈는데 여기서는 오히려 제시가 당하는 느낌?,3일 전(수정됨),6
이런게 티카티카가 잘 맞는다....,3일 전,6
둘 다 깨갱할 때도 있고 쎌때도 있고 서로 맞춰주는 거지 뭔 유재석이 져줰ㅋㅋㅋㅋㅋㅋㅋ,2일 전,11
이효리한테도 말로 만 져주는거지 결국 하는 거 보면 이효리도 유재석한테 엄청 의존 하고 있는거 같음.,2일 전,15
한국 예능에서 유느님이 당연히 조절 잘 하시지~~ 적당히 재미있게,1일 전,4
"예능감이 대단해 다들 ㅋㅋㅋㅋ 
어느정도 선 아니까 서로저럴수있지 ㅋㅋㅋ",1일 전,1
ᄏᄏ ㅇㅈㅋㅋㅋㅋㅋㅋㅋㅋ져주긴 뭘 져주냐,21시간 전,0
쉑시도발서켠 ㅇㅇ말로만 그러지 서로 상호작용임,21시간 전,0
괜히 예능계 탑 아니게 유재석은 적당히 치고빠지는 스킬이 대단함 볼때마다,17시간 전,1
제시랑 처음 방송할땐 디게 힘들어했음ㅋㅋ 지금은 제시가 유느 되게 좋아하는데 첨엔 엄청 놀린다고 개싫어함ㅋㅋㅋ 여러번 방송 같이하면서 유느가 컨트롤 방법을 터득한거임ㅋㅋㅋ,16시간 전,2
YOU & ME 제시 엔팁 유재석 잇프피 상극이긴 함ㅋㅋ,15시간 전,0
"이효리는 차분하게 논리적으로 협박하지만, 제시는 즉각반응이 오기에 놀리는재미가있음 ㅎㅎ",2시간 전,0
피디요? 아는체 쩌네,1시간 전,0
누구냐고 물어서 알았을때 바로 놉 하는거 너무웃곀ㅋㅋㅋㅋㅋㅋㅋㅋㅋㅋㅋㅋㅋㅋ,4일 전,1926
2:30 에브리 세 노. 노 세~ㅋㅋㅋㅋ,3일 전,38
새찬이 형~~!!,1일 전,0
휴먼광희체에 이은 휴먼제시체ㅋㅋㅋㅋㅋㅋㅋ제시가 한국어로 계속 다다다 말할 때마다 나오는 글씨체 미칠것같음ㅋㅋㅋㅋㅋ특히 고퀄 영어 발음나올때 글씨체랑 비교되는게 킬포ㅋㅋㅋㅋㅋㅋㅋㅋㅋㅋㅋㅋ,4일 전,1200
"1:35  어우 촴 기가 막히져 ᴏᴘᴘᴀ 진쫘~
2:01 착해! 그리고 쎈스 쥐찌 쩌러여!",1일 전(수정됨),9
"ㅋㅋㅋ 광희 언급될때마다 넘 좋은데 막상 광희 밀어주긴 맘이 넘 쓰이는 ㅋㅋㅋ
영상들 보기만 해도 내 기가 쭉쭉 빠지는데 울 광희 더 말라가면 어째 ㅋㅋㅋ 맨날 커피 7잔 헤이즐넛 시럽 넣어 배달해야하구. 갈등되는 상황 ㅋㅋ",1주 전,2449
Stitch Bug Back 수 놓고 싶어지는 채널 ㅋㅋㅋㅋㅋㅋㅋ,4일 전,11
그래도 광희,3일 전,128
광희는 놀뭐 나온다면 무조건 좋아할거ㅜㅜ 우리도 너무 원한다구 광으로 갑시다!!,3일 전,100
근데 광희가 지고 있지만은 않을 것 같은데 ㅋㅋㅋㅋㅋ,3일 전,19
"@김현성 
??? : 나도 고소장 날려여!!
이케..이케 날리는거 아냐..?",2일 전,24
광희 살 다 빠지고 뼈랑 가죽만 남아서 링겔투혼 할듯ㅜㅜ,2일 전,5
아ㅋㅋㅋㅋㅋㅋㅋㅋㅋㅋㅋㅋ그래도 전 광희 원해요ㅎㅎ,16시간 전,1
YES I WANT 광희!!!!! Plz feed us more of kwanghee! I can see their chemistry be just amazing ;),4일 전,25
"환불원정대 넷 다 광희 좋아하는 거 보니까
광희가 평소에 정말 잘 하나보다 
좋구만 😊😊😊😚😊",3일 전,540
세형 세찬이랑은 안맞나보네 ㅋㅋㅋㅋㅋㅋㅋㅋㅋ 근데 제시가 인정한 사람들은 진국인듯 광희 진국이잖아 ㅋㅋㅋ,4일 전,852
매니전데 자기들 말 안듣는다곸ㅋㅋㅋㅋㅋㅋㅋㅋㅋㅋㅋㅋㅋㅋㅋㅋㅋㅋㅋㅋ 너무웃김,4일 전,84
광희가 진짜 사람들한테 잘한다고 하더라구요. 모두가 인정한 진국,4일 전,145
광희 목격담만 봐도 사람 성격이 진짜 좋아보여요ㅋㅋㅋㅋ,2일 전,21
"양세형 너무 똑똑해서 거절하는거같아욬ㅋㅋ ㅋㅋㅋㅋㅋㅋㅋ 제시가 질수도있음 ㅋㅋㅋㅋㅋ 아메리카노 안가져다줄수도있음 ㅋㅋㅋㅋ
광희는 걍 착하고 바르고 ㅋㅋㅋㅋ",1일 전,8
맞아여 광희 효리언니 픽이잖아요!,1일 전,1
광희 진짜 목격담 미담만 줄줄ㅠㅠ 엘리베이터 탔는데 삐 소리 나서 사람들이 뚱뚱한 사람만 쳐다봤다함 광희가 스탭들 보면서 우리 점심 많이 먹어서 그런가 봐ㅎㅎ하면서 내렸다구...,12시간 전,2
@김유진 양세형은 레알 제시가 ㅂㄷㅂㄷ 꼼짝 못할꺼 같아ㅋㅋㅋㅋㅋㅋ 이것도 나름대로 재밌겠닼ㅋㅋㅌㅌ,3시간 전,0
자막 글씨체 짱웃김 ㅋㅋㅋㅋ 무슨 글씬지 모르겠음 ㅋㅋㅋㅋㅋㅋㅋㅋㅋㅋ 프로 수발러 가시져 싹쓰리때 너무 쪼끔 나왔써효....,4일 전,388
휴먼제시체,1일 전,1
"볼때마다 느끼는건데 제시라는 인물이 귀엽고사랑스럽다는 이미지가아닌데 유느님이랑만 있으면 너무 귀엽고 사랑스러워보임
심지어 순박해보이기까지함...",3일 전,515
은근히 애교가 많앜ㅋㅋㅋㅋㅋㅋ,3일 전,23
제시 집에서 막둥이라 애교 은근 많은듯ㅋㅋㅋㅋㅋㅋ,19시간 전,0
This is TV gold!,1주 전,22
"저도 남편이랑 둘이 보면서 광희가 됐으면 좋겠다.  세형,세찬은 좀 너무 나대고 한마디도 안질려고 해서 사람 지친다고 했는데. 제시가 저렇게 해줘서 사이다 였음.",3일 전,125
ㅋㅋㅋㅋ저도 그렇게 생각했는데 사이다였습니다,2일 전,9
세형 티비에 틀때마다 나와서 넘 싫어요 남 까내리는 개그가 재미있나? 기분나쁘던데 저희 엄마도 홈즈 볼때마다 엄청 싫어해요,21시간 전(수정됨),7
깐족거리는 거 좋은데 쎈캐지만 여린 사람들 이겨먹는 거 싫음,12시간 전,3
나도 저중에 고르라면 세형세찬보다는 광희가 좋을것같음. 세호는 누군지 잘 모른채로 노오우 한같고ㅋㅋ,4일 전,1516
ㅋㅋㅋㅋㅋㅋ 조세호씨는 뭔가있음,2일 전,15
양세형 양세찬은 좀 오바임 너무 나대고 깝치는 느낌이고 나서는게 너무 심해서 매니저랑은 안 어울림,1일 전,31
세형 너무 깝죽대고 상대방 까내리는 개그를 재미라고 치고있어서 티비보는 사람 너무 기분나쁘게함 한대쥐어박고싶음,21시간 전,8
조세호는 좀 겉도는 느낌이 있을듯... 제발 광희ㅠㅠㅠ🥰🥰,21시간 전,6
"왜 갑자기 양세형 까이고 있냐
좋은 일 많이 했던 사람이고
공중파는 급나게 나오는구만
까분다고 할꺼면 예능을 보지 말지
예능이 좀 까불어야 재밌지
그럼 까불면 안되고 남 놀리면 안되면
예능 없에고 다 다큐로 만들어야지 ㅋ",18시간 전,0
@잡덕 응 세형이 어서 오고,17시간 전,1
잡덕 까일만 하니깐 까이지 ㅋ,13시간 전,0
진짜 광희 홍진경 이 조합으로 매니저 가야됨ㄹㅇ,4일 전,391
ㅅㅂㅋㅋㅋㅋㅋ개웃셬ㅋㅋㅋㅋㅋ,4일 전,22
오ㅋㅋㅋㅋㅋㅋㅋㅋㄱㅋ홍진경ㅋㅋㅋㅋㅋ,4일 전,18
올려두리자 이거다,3일 전,3
보자마자 웃음ㅋㅋㅋ 이거닼ㅋㅋㅋ,2일 전,2
개재밌게땈ㅋㅋㅋㅋㅋ,2일 전,1
홍진경 좋다ㅋㅋㅋㅋㅋ,1일 전,1
제시랑 홍진경 조합도 개웃길듯ㅋㅋㅋㅋㅋㅋㅋㅋㅋㅋㅋㅋㅋㅋㅋㅋ,1일 전,1
진경언니 코디 !!!!!,20시간 전,0
누가 누군지 구별안되서 안됨,6시간 전,0
"유재석이랑 제시 꿀조합ㅁㅋㅋㅋㅋㅋㅋㅋ 유느가 일방적으로 놀리는 정형돈, 조세호, 지석진 같은 조합도 진짜 재밌지만 유느가 뒷목잡는 조합도 개좋음ㅋㅋㅋㅋ
내가 지금 주문 받는게 아니예요ㅋㅋㅋㅋㅋㅋ 왜케 다 새우예요ㅋㅋㅋㅋㅋㅋ",4일 전(수정됨),842
jessi is such a natural variety show person cause shes so herself lol,1주 전,14
"아 이거 뒤가 웃긴3ㅔ 여기서 잘라버리네
조세호 샤진 보자마자 no!! 하는거 개웃겼는뎈ㅋㅋㅋㅋㅋ",4일 전,478
진짜 개웃겼는뎈ㅋㅋㅋㅋㅋㅋㅋㅋㅋㅋㅋ,2일 전,3
"제씨언니 진짜 미쳐땈ㅋㅋㅋㅋㅋㅋㅋㅋㅋㅋ Every 세 NO!!!!!!!! , ""지석진 어때요?"" ""NOPE!!!"" 놉 개단호 ㅋㅋㅋㅋㅋ시청자들 속마음 말해주는거 같아서 너무 통쾌해 미쳐불겄네 ㅋㅋㅋㅋㅋ
 OH MY GODDDD!! 할때마다 통쾌상쾌유쾌 ㅋㅋ흥하자 제시섹시 아이러빗",6일 전,912
아니 유재석 저 머리 욀케 잘 어울리는거야 ㅎㅎㅎㅎ,5일 전,637
옐로우가이 머리ㅋㅋㅋ,3일 전,1
촌스러울스록 잘어울려 ㅋ,3일 전,2
짱구 20세기박물관 보스같음,3일 전,4
처진 달팽이 컷ㅋㅋ,2일 전,1
박지호 그니까 ㅋㅋㅋㅋㅋㅋㅋㅋㅋㄲㄱㅋㄱㅋㄱㅋ,23시간 전,0
These two have the best chemistry everrrr. They are forever bickering but always so funny and never overboard,2일 전,5
제시 런닝맨이나 방송상으로는 유재석이랑 하면 엄청 지쳐하곸ㅋㅋㅋㅋㅋ 너무 말 안통한다고 해주면서도 mc로서의 능력은 정말 대단하다고 해주는거 먼가 멋져ㅠㅠㅠ 언프때부터 봤지만 성격상 안 맞고 싫어해도 인정할 건 인정하는 게 제시 매력인 거 같음,4일 전,527
I live for Jessi on variety/reality shows 😂❤️,1주 전,12
지석진씨는 진짜 아니지... 움직이지 않을 것 같은 느낌적인 느낌...,4일 전,289
빠릿빠릿 안할듯,3일 전,1
오히려 수발 들어야 할 상황이 생길것 같은.... 느낌적인 느낌😅,3일 전,21
@Eun-Ji Kyle Kim ㅋㅋㅋㅋㅋㅋㅋㅋㅋ미친ㅋㅋㅋㅋㅋㅌㅋㅌㅋㅋㅌㅋㅋㅋ,1일 전,0
댓글보다가ㅋㅋ광희 +홍진경으로 매니저조합 추천하는거 봤는데 보자마자 이거다! 했음ㅋㅋㅋㅋㅋㅋㅋㅋㅋ  제발 이렇게 뽑아줘욬ㅋㅋㅋㅋㅋ벌써 웃기다 심지어 둘 다 아이돌 그룹 경력직이얔ㅋㅋㅋ,2일 전,335
미쳤다 ㅋㅋㅋㅋㅋㅋ누가생각해냈지 개쩌네요 조합,23시간 전,1
"유느와 제시대화  2가지 
제시 컴온    제시돈터치미 ㅋㅋㅋ",4일 전,729
매니저 광희 홍진경 조합 개꿀일거같애 ㅋㅋㅋㅋㅋㅋ홍진경도 처량한분위기의 대명사지 ㅋㅋㅋ 네명 기쎈여자들때문에 처량해지는 분위기 나오면 존잼일거같은데 ㅋㅋㅋㅋ,3일 전,59
아진짜 캐릭터 하나는 독보적이다 ㅋㅋㅋ,5일 전,278
유재석 저 가발은 그냥 미친거 같아...너무너무 잘 어울려... a little bit of hazelnut syrup...미치겠다 정말..아 둘이 왜케 웃겨,4일 전,426
진짜 스케일 크게 소지섭이나 송중기 매니저 하자.,4일 전,117
그럼 매니저가 갑이 돼버려서..,3일 전,1
광희랑 제시랑 둘 다 자막이 쪼글쪼글해ㅋㅋㅋㅋㅋ,4일 전,113
Yesss I want 광희이래 ㅋㅋ 왜케 웃겨 ㅋㅋㅋㅋㅋ 제시 대호감,1주 전,218
놀면뭐하니 진짜 팬인데 조세호 Noㅠㅠ노노 인성논란 사건들때문에 티비나올때마다 여러사람 보기 불편합니다,2일 전,101
매니져는 무조건 광희씨 !!!수발놈이죠!!!! 확실히 분위기 팍팍 살듯ㅎㅎ,4일 전,145
아메리카노 위드 어 리를 빗 오브 해이즐넛 시뤕 ㅋㅋㅋㅋ 귀여워,1주 전,97
아메리카노에 시럽넣어먹는 사람이 있구나ㅋㅋㅋㅋ 나도그렇게 먹는데 그럴꺼면 왜 아메리카노먹냐고 하던데ㅋㅋ,4일 전,2
"I don’t understand a word but I smile and laugh along! I love Jessi and Yoo Jaeseok together, they’re like siblings bickering! I can’t wait for the Refund Sisters to perform live on stage together!",1주 전,22
Jessi is the queen of entertainment. I literally die of laughter bc of her. Thanks jessi for lighting my life ❤️🌹,1주 전,25
은비 치마 뿌소뿌소한 거 입은거 보고싶닼ㅋㅋㅋㅋㅋㅋㅋㅋㄱㅋㅋㅋㅋㅋㅋㅋㅋㅋㅋㅋㅋㅋㅋ,3일 전,63
광희랑 제시 글씨체 쪼글쪼글찌글찌글초딩글씨체인 게 너무 비슷함 ㅅㅂ ㅋㅋㅋㅋㅋㅋㅋ,3일 전,137
"예스 아이원트광,희!!!! 이거 엄청 미국 시트콤 같음ㅋㅋㅋㅋㅋㅋㅋㅋㅋㅋㅋㅋㅋㅋㅋㅋ",4일 전,53
The perfect couple,1주 전,5
ㅋㅋㅋㅋㅋ 아 런닝맨때부터 제시 뭔가 세찬이랑 말 안통해서 그닥 안편한듯 ㅋㅋㅋㅋㅋ 웃김,4일 전,69
저렇게 티격태격해도 제시님이 유재석님을 진심으로 대단하신분이라고 느끼는게 보이네요 ㅎㅎ,3일 전,182
진짜 국민 최고 MC라 하고 존경하는 게 딱 눈에 보임!! 광희도 착하다 하구,1일 전,2
제시 자막 삐뚤빼뚤 뭐야 ㅋㅋㅋ,1주 전,58
아니 매니저로 광희랑 홍진경 해주세여 닮아서 개웃길드,3일 전,9
광희는 명수 형이 인정한 SBN이니...(끄덕끄덕),3일 전,10
"JESSI AND JAESUK is always a trip!!!! I am sooo happy to see them together again!!! #PrayingforYooJaeSuk 😂😂😂

The way she favors Kwang Hee over the Se’s 😂😂😂 
Yang Se Chan and Yang Se Hyung is a NO for Jessi HAHAHAHA",1주 전(수정됨),254
Can u please tell me where can I watch this ep in English sub,1주 전,0
@Beca Rayit's just air today so maybe tomorrow or monday,1주 전,1
@Beca Ray u can watch on viu,1주 전,0
"Jo Seho is also a ""Se"" so literally he's a no too 😂",1주 전,3
광희 하면 너무 재미있을듯 ㅋㅋㅋㅋㅋㅋ,4일 전,51
제시 전용 폰트랑 광희 전용 폰트 같이 나오는 거 보고싶닼ㅋㅋㅎㅋㅋㅋㅎㅋㅋㅋ,3일 전,46
ㅋㅋㅋㅋㅋㅋㅋㅋㅋㅋㅋㅋㅋㅋㅋㅋㅋㅋ광희 가즈아아아아아 커몬!!!! ㅋㅋㅋㅋㅋㅋㅋㅋㅋㅋ,1주 전,77
I think the announcer Cho Jung Shik will be a good manager fore her. He has a good sense and I like their chemistry in Jessi's show. Wanna see them more 😂,1주 전,88
"He is an sbs announcer, while this show is belong to mbc. So, it's not possible i guess.",5일 전,2
2:34 Every세NO! No!세s 터졌다진짴ㅋㅋㅋ 제시언니come on~🤣,1주 전(수정됨),75
"헤이즐넛 시럽 얘기할 때 “oh love, I love” 하며 웃는 것 때문에 제시 팬 됐고 이 영상만 50번째.",3일 전,18
No touch  ㅋㅋㅋ 제시 화사 모두가 한 얘게~ 노래제목으로 좋은데~ ㅎㅎㅎ,1주 전,24
"""Jessie : every 세(Se) no""🤣🤣🤣🤣🤣",1주 전,120
Kwanghee is so loved by all the ssenunnis of the industry haha 😂,1주 전,68
Kwanghee is so cute AND SMART HE HAS THAT  SENSE SERIOUSLY,2일 전,2
매니저로 광수형해도 재밌을듯,4일 전,22
"""Jimmy Yoo : Don't touch me"" 😂😂😂😂😂",1주 전,78
1:54 아니 깨알같이 뒤에 립앤딥 보드 욕하는고양이 가운데 손가락 테이프로 가려둔거 개웃기넼ㅋㅋㅋㅋㅋㅋㅋㅋㅋㅋㅋㅋㅋㅋㅋㅋㅋㅋㅋㅋㅋㅋㅋㅋㅋㅋㅋㅋㅋ,4일 전,26
와ㅠ이걸 보시네 ㅋㅋㅋㅋㅋㅋㅋㅋ,2일 전,0
"유재석님은 제시님이랑 말할때 모든 말이 컴온이야 ㅋㅋㅋㅋㅋ 
컴온인데 의미가 다 다르고 자막이 그걸 알아서 해석하는것도 개웃곀ㅋㅋㅋㅋㅋ
그리고 유재석님이 캐릭터 헷갈려도 자막이 부캐라고 선 긋는것도 웃김 ㅋㅋㅋㅋ",2일 전(수정됨),2
0:19 윗 어 리를 빗 헤어즐넛 씨이럽 ㅋㅋ 원래 아이스 아메리카노에 시럽 안넣고 먹다가 저거 듣고 궁금해서 헤이즐넛 시럽 추가해서 먹어봤는데 완전 중독되서 요즘 헤어즐넛 시럽 추가해서 세잔씩 마시고 있음 ㅋㅋㅋ,1일 전(수정됨),1
HAHAHAHAAA!!! I love the YESSSS KWANGHEE 😂😂❤️❤️❤️,5일 전,5
제시 말할때 자막글씨체 달라지는거 넘찰떡임ㅋㅋㅋㅋ,4일 전,31
아니 제시 왜케 웃겨요 ㅋㅋㅋㅋㅋㅋㅋㅋㅋㅋㅋ NO No 할때 진짜 발성이 배꼽부터 시작하는 거 같음ㅋㅋㅋㅋㅋㅋㅋㅋ,4일 전,9
"They always beefing 🙈😂😂 but I’m on the same tip as Jessi, I love my hazelnut creamer 😋",4일 전(수정됨),1
우와 제시 텔레그나 나온거 알고있네 진짜 지인들 나오는 프로그램은 다 챙겨보나보다 대단하다,4일 전,41
They're so funny! The Nations sibling for me lol,1일 전,0
제시ㅋㅋㅋㅋㅋ 저 광희랑같은 글씨쳌ㅋㅋㅋㅋㅋㅋㅋㅋㄱㅋㄱㅋㄲ 자막 너무 웃김ㅋㅋㅋㅋㄲㅋㅋㅋㅋㅋㅋ 제시 예명 커모옹 (come on)~~~~~! 어때요?ㅋㅋㅋㅋㄲ,4일 전,19
I do drink like jessi but the way jessi made Americano so classy 😆😂,1주 전,64
"유느님 come on 하나에 상황마다 다 알아서 해석되는 거 뭐야ㅋㅋㅋㅋㅋㅋ
come on~!-어쩌라고?
come on~!-또 뭐하는 거야~?!
come on~!-은비로 가자
come on~!-정신 차려 제시!
come on~!-어우 왜 만져!!
ㅋㅋㅋㅋㅋㅋㅋㅋ자막 미쳤냐고ㅋㅋㅋ",4일 전(수정됨),68
제시 자막너뭇웃겨ㅋㅋㅋ,4일 전,11
"English subs for International Friends by yours Truly:
Y: Is there anything about you I need to know? Is everything okay?
J: Ah.
Y: Anything you really want me to know about you.
J: 0:08 For me, coffee.
Y: Coffee? You need to drink it?
J: I drink 7 cups a day.
Y: 7 glasses? Americano?
J: 0:19 Americano with a shot of Hazelnut coffee. (Mind you these descriptions are all in English, so for the average older Korean, it is as if in America some star says ""I take my Champagne froid avec une peux de glace"")
0:25 ""subtitles says Jimmy is dizzy""
0:29 Y: Jessi, I'm not taking orders here.
0:33 J: It's an Americano, but you need a resonable amount of sugar.
0:28 Y: But it's not just any syrup. It needs to be hazelnut syrup. (Mind you most cafes in Korea don't have hazelnut syrup and there isn't a starbucks in every corner)
0:56 ""subtitles says the deal is about to fall through even before any contract is signed""
0:57 J: For me it's either a Vanilla Latte or that. That's it. You can dress me in anything at all. 
1:02 Y: You're straight up lying.
1:06 J: Stylist, please come here. You can dress me in anything. 
1:09 Y: You mean it? Takes notes for himself: Can dress her in anything. I'm really going to believe you then.
1:12 J: I mean, it can't just be anything. 
1:17 Y: You just said we can dress you in anything at all. 
1:19 J: But that doesn't mean you can dress me in some huge dress with ruffles. I wouldn't wear something like that.
1:24 Y: Are you capricious?
1:25 J: Yes
1:27 Y: Takes notes for himself, ""very capricious""
1:32 Y: Okay, then who do you think will be good as a manager?
1:33 J: Someone who is quickwitted. (In Korean sense means something who is quick and insightful to know what is precisely needed in a situation)
1:35 Y: What do you think of me? Am I quickwitted?
1:38 J: Of course, you are incredible. This guys isn't just any MC. He's the nation's MC. He's the best.
1:45 subtitle says ""Just as satisfied as if she was complimenting himself (since he is Jimmy and not Yoo Jaesuk)""
1:50 J: That's how you got so far. You're the best.
1:52 Y: Someone recommended Gwanghee.
2:00 Y: Why?
2:01 J: Cause he's so nice. And his wit is the max.
2:05 Y: Oh really? Ah, Gwanghee. J: He is very quickwitted. No joke. 
2:07 Y: There was also talk of Saehyeong. And someone who mentioned Saeho.
2:11 J: Why is everyone Saewoo? (Saewoo in Korean means shrimp) Y: Not Saewoo. J: Saehyeong and Saewoo? Y: Saeho. J: Saeho and Saehyeong?
2:20 Y: You met him just a few days ago. J: Where? Y: When you appeared on Telegeuna. J: I appeared on Telegeuna? Y: Yes.
2:30 J: Saechan's little brother? Y: Saechan's older brother. J: Oh, he's older? Oh. NO.
2:45 J: Just Gwang. Let's go with Gwanghee. Y: What do you think of Saeho? J: Who is that? I'm sorry. Let me see a pic.
2:54 Y: Jesse, come on!

The clip ends but in the actual video you see her take on look at the picture and yell out ""Oh no, not him"". Then Yoo goes on to ask her what about Ji Seokjin. And Jessie says no to him too. She's like he won't even pay attention to us and will play Tiktok the whole time. To which MC Yoo agrees.",4일 전,202
thank you!!,4일 전,3
omg thank u so much,4일 전,3
Well there are starbucks almost every corner and cafes with hazelnut syrup..(in Seoul*) Yoo just got annoyed with her detail I guess,4일 전,13
Thank u 🙏💕,4일 전,0
There are Starbucks literally in every corner and street in some big cities in Korea.,3일 전,0
thank you for taking your time to write this <3,3일 전,0
"Every cafe in Korea have hazelnut syrup. But that point is she have so careful need, and that make Jimmy Yoo so tried🤣
(I'm appreciate understand my enlish..)",3일 전(수정됨),4
"My point is that to an American listening it isn’t as shocking to hear a coffee request like that. Nor is Starbucks considered fancy in the US. It in fact sounds very reasonable. But to a Korean, I would say 10-15 years ago people were just learning Americano. I went to a coffee shop last year and asked for brewed or drip coffee and that I did not want an Americano. The confusion that ensued... also, a lot of people think Starbucks is special. It’s very weird. In the US, Starbucks is like 김밥천국...",3일 전(수정됨),0
@Hanna Lee yea i dont understand the thing about starbucks over there either cuz i prefer the smaller shops and other coffee shop chains when i was in korea,3일 전,1
"Omgg i love u so muchhh! 
God bless you for ur entire life. Amen",3일 전,0
I love you 😍 🥰,2일 전,0
"@easyteh4getperson I understand why people in Seoul prefer big coffee shop chains to smaller coffee shops. Coz big coffee shop chains such as Starbucks, Coffee bean, Twosome place offer better coffee and various types of beverages(especially Starbucks) than smaller ones in general. And coffee shop chains are more spacious with big chairs and tables, which is more comfortable for people to read, study and do chat with friends there. And free wifi and toilet there are awesome! Also, I can stay in coffee shop chains without feeling pressure much longer than in smaller cafe because owner is usually not there in coffee shop chains. Hired employees in Starbucks don’t care about how long their customers stay there.",2일 전,0
Gahd thank you for this.,2일 전,0
Thank you for this! you the real MVP🎖,2일 전,0
Thank you so much!,2일 전,0
You're the real mvp,2일 전,0
송지현 but i love small cafe in Seoul than big coffee shops like coffee bean and starbucks.(actually Coffee bean is good but it is quite pricey in seoul) It is much more delicious. Maybe im kinda person who think taste of coffee is priority in choice.,1일 전,0
"유재석과 함께라면 모두가
대한민국 최고의 재미있는 사람이 될수 있다.
어느 프로그램에선지 들었던것 같은데,
그말이 맞아. 유재석과 있으면 누구라도 최고의 예능인이 될 수 있어.",1일 전,0
Yesssss we also want Kwang Hee as Jessi's manager!!!,2일 전,0
노 세 ㅋㅋㅋㅋㅋ 인식이 다 똑같나보네,3일 전,5
Can't wait to watch the interaction between Jessi & Kwang Hee (fingers crossed) It's gonna be chaos & hillarious 😆😆,1주 전,35
She drinks 7 cups of coffee a day???? Omg jessi r u ok😂,1주 전,48
She's been very busy since the preparations for her comeback. She said she only gets to sleep 2 hrs a day :(,1주 전,1
"@ellimayi_ damn... and I thought I drink a lot of coffee but Jessie  got me hella beat. 

2 hrs... that's not good..
she needs at least 4 hrs in order to function properly",1주 전,4
"El Mayberry I know. Lately, she guested in different variety shows + weekly vlog + weekly show (Showterview) + she was filming her first drama + music show appearances + this girl group project + upcoming variety show with Jaesuk, Somin, etc. But her schedule is gonna get better now that she’s done filming the drama and promotions for her comeback are over 😄",1주 전(수정됨),4
"@ellimayi_ wow... I didn't even think of all that. 
it's good that Jessie's schedule is gonna get better",1주 전,3
Maybe thats the reason why shes strong 🤭🤭,1주 전,0
ellimayi_ oh nooo hope she gets proper rest soon ❤️,6일 전,1
I thought 8 ahahaha,5일 전,0
Yay!! Jessi says YES to Kwanghee as manager 😁😁,1주 전,103
갑자기 주문들어가 ㅋㅋㅋㅋㅋㅋㅋㅋㅋㅋㅋㅋㅋ웃거뒤진다,1주 전,42
광희씨가 재미있어요!! ㄱ^^,1주 전,34
유재석이 조세호 엄청 밀어주네,3일 전,10
No 할때 거의 던젼에서부터 끌어온 목소리닼ㅋㅋㅋㅋㅋㅋㅋㅋ,3일 전,7
광으로 갑시다!!!!! 저도 대찬성이오!!!!!,3일 전,5
1:04 제시 억울해하는 표정 왤캐 귀엽지ㅋㅋㅋㅋㅋ,4일 전,15
아 너무 재미져요 ㅋㅋ,1주 전,47
01:36 진심ㅋㅋㅋㅋㅋㅋㅋㅋㅋ표정너무웃겨제싴ㅋㅋㅋㅋㅋㅋㅋ,4일 전(수정됨),17
"2:29 세찬이 동생 ㅋㅋㅋㅋ
2:30 세찬이 형",4일 전(수정됨),24
"jaesuk + jessi = im sold , gonna watch everything with they in it 😆",1주 전,8
"[미스터리] 고대의 핵전쟁 이야기...꿀잼!!!ㅋㅋㅋ
***클릭: https://www.youtube.com/watch?v=Nnvwr2971o0",1일 전,0
제시 양세찬 오ㅑ르케 싫어하냐곸ㅋㅋㅋㅋㅋㅋ ㅋㅋ ㅋ ㅋㅋㅋ ㅋ ㅋㅋ ㅋ ㅋㅋㅋㅋㅋㅋ ㅋㅋ ㅋㅋㅋㅋㅌㅌㅋㅋㅋㅋ ㅋㅋ ㅋㅋ여러곳에서 말하고 다니네ㅜㅋㅋㅋ ㅋㅋ ㅋㅋㅋㅋㅋㅋㅋㅋㅋㅋ,2일 전,3
새우 ㅅㅂㅋㅋㅋㅋㅋㅋㅋㅋㅋㅋㅋㅋㅋㅋㅋㅋㅋㅋㅋㅌㅋㅋㅋㅋㅌㅌㅋㅋ,6일 전,11
Yes to kwanghee No to Se Brother's 🤣🤣🤣,1주 전,44
제시는 유느님이 너무 좋은가 보다 ㅋㅋㅋ,3일 전,5
요즘 제시가 젤 재밌당 ㅋㅋ유재석이랑 케미짱  제시나오는장면  첨부터 끝까지 다 너무웃기다 ㅎ 제시좋아,4일 전,8
"Nobody:

JaeSuk: CoMe On",3일 전,0
광희 매니저 하면 재미있겠당 ㅋㅋ,4일 전,16
미친ㅋㅋㅋㅋㅋㅋㅋNO 발성 보솤ㅋㅋㅋㅋㅋㅋㅋㅋㅋ완전 대문자얔ㅋㅋㅋㅋㅋㅋㅋ,4일 전,3
"유재석: 전어때요?
제시: 진짜 기가막혀 😒😒
1:35 개웃곀ㅋㅋㅋㅋㅋㄱㅋㅋㅋㅋㅋㅋ제시ㅜ졸귀",2일 전(수정됨),1
1:36 ㅋㅋㅋㅋ아니 ㅋㅋㅋ이거 유재석이 제시 따라할때 하는 말투랑 목소리 아니냐고 ㅠㅠㅋㅋㅋㅋㅋㅋㅋㅌㅋㅌ,20시간 전,0
앜ㅋㅋㅋㅋㅋㅋㅋㅋㅋㅋ이뒤에 지석진나왔을때가 리얼개웃긴뎈ㅋㅋㅋㅋㅋㅋㅋㅋㅋ제시 지석진 듣자마자 놉!!ㅋㅋㅋㅋㅋㅋㅋㅋㅋㅋㅋㅋㅋ,4일 전,17
광희♡♡♡♡♡,4일 전,6
아니 제시 유재석이랑 잇으면 사랑스럽다구 ㅋㅋㅋㅋㅋㅋ 막내딸 느낌나 ㅋㅋㅋㅋㅋ,2일 전,2
"when he said ""don't touch mE!!!"" 🤣🤣🤣",1주 전,20
광희님! 응원합니다!!,1주 전,13
"Jessi: touches yjs 
Also Jessi: “no, you don’t touch me”",1주 전,14
"I love Jessie, she is so much like me. I like to be me and to be honest.",1주 전(수정됨),1
"Before this, we thought we only can watch Jae Suk X Jessi from Running Man.
But now....there are more chances to watch this funny combination more outside of Running Man😂😂
Last but not least~~【Yoo Jae Suk: Jessi, Come On!】😂😂😂",1주 전(수정됨),15
광희 가즈아,1주 전,14
호불호 확실한 제싴ㅋㅋㅋㅋㅋㅋㅋㅋㅋㅋ,4일 전,6
영상하나에 킬링포인트가 넘치네ㅋㅋㅋㅋㅋ,4일 전,9
Jessi more prittier with this cassual clothes,1일 전,0
홍진경 갑시다..제시도 알 뿐더러 엄정화 이효리랑도 어느 정도 암..,4일 전,13
광희 나오면 개웃기겟다 ㅋㅋㅋ,3일 전,6
"아니 나는 진심 양세찬이랑 오해좀 풀었음 좋겠음ㅋㅋㅋ 제시 자꾸 본인 무시한다고 하는데 그런적이 없다구..ㅋㅋㅋㅋㅋ 그리고 세형이는 수발놈 절대 못함 성격이 탱이 안되서.. 조세호도 별로임 제일 식상한데 센스도 없고 말이 안통함..ㅋㅋㅋ
오늘 보니 정재형이 제일 괜찮긴 한데 문제는 운전면허가 없는 거..
광희가 제일 최선인거 같긴 한데 (일단 멤버들이 다 친분이 있고 불호가 없음) 여론을 보면 다른 새로운 캐릭터가 있었으면 하는 생각들이 많은 거 같음ㅎㅎ",16시간 전,1
제시 진짜 욱곀ㅋㅋㅋㅋㅋㅋㅋ,4일 전,13
광희체를 이러서 제시체도 생김ㅋㅌㅌㅋㅋㅋ글자 위아래로 움직이는거 짱웃기넼ㅋ,1일 전,0
Every 세 노 ㅋㅋㅋㅋㅋㅋㅋㅋㅋㅋㅋㅋㅋㅋㅋㅋㅋㅋㅋㅋㅋㅋㅋㅋㅋㅋㅋㅋㅋㅋㅋㅋㅋㅋㅋㅋㅋㅋ,3일 전,4
아니ㅋㅋㅋㅋ제시 말할때 자막 글씨체 왜ㅋㅋㅋㅋㅋㅋㅋ,3일 전,3
1:36 제시 귀여워 ㅋㅋㅋㅋㅋㅋㅋㅋㅋㅋ 어우 촴 기가 막히져 oppa 진쫘~~,4일 전,5
AGAIN I WANNA SAY KHHOOOMMOONN JESSHIII!!!!,1주 전,32
광희가 진짜 귀여운 동생인가보다 ㅋㅋㅋ 진짜 잘챙겨준다,3일 전,3
유재석이 제시가 만지니까 컴온~~ 돈터치미 하는거 존나욱기넼ㅋㅋㅋㅋ 둘 조합 런닝맨때부터 웃겼는데 넘 좋다,4일 전,16
제시 표정이 엄청 다양하고 리액션이 좋으니까 유재석도 보면서 진심으로 재밌어하는듯 ㅎㅎ,1일 전,0
나도 광희 ㅠㅠㅠㅠㅠ 진짜 센스 쩔음 ㅠㅠㅠ,3일 전,5
광희가 나와야 또 빛나지,3일 전,3
These 2 together really is full comedy!! 😂  😂,1주 전(수정됨),1
제시 귀여워 ㅠㅠㅠㅠㅠ,4일 전,10
별로관심없었는데 ㅋㅋㅋㅋ 제시 너무호감 ㅋㅋㅋㅋㅋㅋㅋ,4일 전,3
"""Every ""Se's"", NO"" 😂😂😂 Sorry to every ""Se's"" out there.",5일 전(수정됨),62
매니젘ㅋㅋㅋㅋㅋㅋ광힄ㅋㅋㅋㅋㅋㅋㅋㅋㅋㅋ앜ㅋㅋㅋㅋ열라웃기게땈ㅋㅋㅋㅋㅋㅋㅋㅋㅋㅋㅋㅋㅋㅋㅋㅋㅋㅋㅋ,3일 전,4
"제시한테는 은근 개입많이함, 근데 왠만하면 제시도 안질려고 버틸텐데 나름 유재석에 대한 리스펙이 있음! 이 둘이 티키타카 나름 볼만함~&^^",1일 전,0
제시 누님한테서 ㄹㅇ 이래서 탈덕할수 가 없어ㅋㅋㅋㅋㅋㅋㅋㅌ,3일 전(수정됨),3
Their best sentences are “come on” and “don’t touch me” hahahahaha,1주 전,80
"광희 세형 세호 창희는 이제 그만하고..
신박한 사람으로 하면 안 될까요..",1일 전,0
Every 세 No !! ㅋㅋㅋㅋㅋㅋㅋㅋㅋ,1주 전,12
왈가닥 캐릭터를 컨트롤 하는 유재석의 리더쉽을 관찰하게 되네요 ㅋㅋㅋ,1일 전,0
광희 원츄!!,3일 전,5
재석아조씨 텐션봐 ㅋㅋㅋㅋㅋㅋㅋㅋㅋㅋ진짜 대단하셔 ㅠㅠㅋㅋㅋㅋㅋㅋㅋㅋ.,2일 전,1
재 - 제 콤비 너무 좋다 ㅋㅋㅋㅋㅋㅋㅋㅋ 진짜 너무 웃겨,4일 전,6
Yo jae-suk and Jessi are perfect COMBO. engsub please yorubun :(,2일 전,0
나두 광희오빠가 했으면 좋겠음...ㅎ,3일 전,12
광희 얘기 할 땤ㅋㅋㅋㅋ 예스!!!! 급발진ㅋㅋㅋㅋㅋㅋㅋㅋㅋㅋㅋ,4일 전,3
엄태구씨는 어떨까여... 말라 죽을거 같으신뎈ㅋㅋㅋㅋㅋㅋㅋㅋㅋㅋㅋㅋㅋㅋㅋㅋㅋㅋㅋㅋㅋㅋㅋㅋ,2일 전,1
제시!!유재석님 케미 넘 재밌어요♡♡,1주 전,10
"Everytime I see JaeSsi couple, my stomach too hurt",1주 전,13
광희 가즈아 !!🔥,3일 전,5
ㄹㅇ 제시가 웃기긴 웃김 ㅋㅋㅋㅋㅋㅋㅋ,4일 전,6
ㅋㅋ너무 웃겨 제시ㅋㅋㅋ,4일 전,5
광희 매니저 가자,4일 전,6
진짜 5번은 본 듯ㅋㅋㅋㅋㅋㅋㅋㅋ오 노옵---,4일 전,8
I think I can watch Jessi with Yoo JaeSuk on variety all day all night! They both are seriously the best combo ever! I laughed so much watching both of them together,5일 전,0
Jae suk hyung really suits with that hair😂,1주 전,1
광희랑 홍진경님이 같이하면 좋겠다ㅋㅋㅋㅋㅋ,4일 전,7
잠쉬만요 오빠 쫌에서 영상 끝나는 것도 어이없게 웃기다 ㅋㅋㅋㅋㅋㅋㅋㅋㅋㅋㅋㅋㅋㅋ,4일 전,6
ㅋㅋ케미 좋아 ㅋㅋ,4일 전,4
에브리 세 노오↘ㅋㅋㅋㅋㅋ광히 가자아ㅋㅋㅋㅋㅋ,3일 전,4
Can someone file a complaint about having eng sub cause hehe international fan here! 😅 hehe I don't know how to file one either 😁😅,4일 전,0
제시가 재석이형 칭찬하는데 내가 기분이 좋네ㅋㅋ,2일 전,0
광희 나옴좋ㄱㅆ다,3일 전,3
"Her reaction to hazelnut syrup, ""oh yes~ love~"" 😂😂😂",1주 전,13
"은근 영어로 얘기 잘 통해서 웃김 ㅋㅋㅋㅋㅋㅋㅋ
컴온!!! 돈 터치미!!! 페이션 이즈 마이 잡 ㅋㅋㅋㅋㅋㅋㅋ",3일 전,2
I love my americano with hazelnut syrup too but I decided to quit bc I don’t exercise like Jessie 😂😂,1주 전,1
Actually every 세’s 별로 하핳,1일 전,0
ㅋㅋㅋㅋㅋㅋㅋㅋㅋㅋㅋㅋㅋㅋㅋㅋㅋ아ㅣㄴ 대화듣는데 왤케웃김 ㅋㅋㅋㅋㅋㅋㅋㅋㅋㅋㅋㅋㅋㅋ티키타카 개쩌네진짜,2일 전,2
아니 유재석 제시가 만지니까 왜 저렇게 기겁햌ㅋㅋㅋㅋㅋㅋㅋㅋㅋㅋㅋㅋ,4일 전,6
하 제재조합 진짜 미친다 ㅜㅜㅜㅜㅜㅜㅜㅜㅜㅜㅜㅜㅠㅠㅠㅠㅜㅜㅜㅠㅠ너무 재미싸죽어......웃다가 배터지겟어요 진ㅋ자,1일 전,0
Every 세 no LMAO,1주 전(수정됨),7
아 제시 요즘 내 웃음지뢰 진짜 개웃곀ㅋㅋㅋㅋㅋㅋㅋ,1일 전,0
제시가 쎄보여도 가만보면 유재석이 다 누른다 유재석이  조련을 잘하네 ㅋㅋㅋㅋ 둘조합 완전 웃긴다,4일 전,7
광희!!!!,4일 전,4
1:43 국민 choi고 엠씨 이렇게 발음하넼ㅋㅋㅋ귀엽,4일 전(수정됨),1
아 제시 너무 웃곀ㅋㅋㅋㅋㅋㅋㅋㅋㅋㅋㅋㅋㅋㅋㅋㅋㅋ 제발 예능 많이 나와주세욬ㅋㅋㅋㅋㅋㅋㅋㅋㅋㅋㅋ,4일 전,2
Every 세 no ㅋㅋㅋㅋㅋㅋㅋㅋ 아 제시 넘 웃기다 ㅋㅋㅋㅋ,4일 전,2
YESSS KWANGHEE!!,1주 전,16
제시 콜라 마실때 왜케 막걸리잔 들듯이 ㅋㅋㅋㅋㅋㅋㅋㅋㅋㅋ,1일 전,0
아 나 이거 썸네일 누르면서 잊고있었더 재제 모음집이 굉장히 많다는걸.. ㅋㅋㅋㅋ 둘이 티키타카 너무 좋아ㅋㅋㅋㅋ,2일 전,0
제시. 넘 귀여워~~😍😍,1주 전,5
"제시 세형 세찬 ㅋㅋㅋㅋㅋㅋ 안 맞는다는 걸 앎 ㅋㅋㅋㅋㅋ
근데 세호도 뭔가 세 라서 싫다고 했을 수도 있음 ㅋㅋㅋㅋㅋ",3일 전,2
광희팬클럽에 가발 광고 들어갈거 같네요ㅋㅋㅋㅋㅋㅋ,3일 전,2
0:20 이부분 너무 좋은데? 뒤에 제시 웃는것도 너무 좋아😭,2일 전,0
Jaesuk saying don't touch me 😂😂😂,2일 전,0
ㅋㅋㅋㅋ SBN의 입장도 들어보자 ㅎㅎㅎ,1주 전,5
제발광희매니져ㅠ,3일 전,3
에브리 세ㅋㅋㅋㅋㅋㅋㅋㅋㅋㅋㅋㅋㅋㅋㄱㅋㅋㄱ,4일 전,2
"What’s the title of this variety show? I wanna watch all Jessie variety shows, she’s sooo funny 😍",1주 전,45
how do you play?/hangout with yoo,1주 전,6
You can watch them on KOCOWA. Both Jessie and Jaesuk are funny together lol,1주 전,2
Six Sense,1주 전,0
they have this show on viki.com with eng subtitles,1주 전,0
"@Hossett Tren really... okay. 
I'ma go watch it 👋😃",1주 전,1
ㅋㅋㅋㅋㅋㅋㅋㅋ 왜이렇게 다 새우예요?ㅋㅋㅋㅋㅋㅋㅋㅋ,4일 전,4
제시언니 팔에 근육 너무 멋있어🙊♥️,4일 전,3
제시 오 노노 왤케웃김ㅋㅋㅋㅋㅋㅋㅋ,4일 전,3
제시 커피취향 나랑 똑같 아아에헤이즐넛시럽 아니면 아바라 개귯,4일 전,1
아니 지미유 인크레더블에 단발머리 여자같다곸ㅋㅋㅋㅋㅋㅋㅋㅋㅋㅋㅋㅋㅋㅋㅋㅋㅋㅋ,3일 전,1
개뜬금없이 마리아 부를때가 대박이였는데ㅋㅋㅋㅋㅋㅋㅋㅋㅋㅋㅋㅋㅋㅋㅋㅋㅋㅋㅋㅋㅋㅋㅋㅋㅋㅋㅋ개웃겼음ㅋㅋㅋㅋㅋㅋㅋㅋㅋㅋㅋㅋ,2일 전,0
광!! 동의ㅋㅋ,3일 전,3
"“No, you don’t touch me.” 할 때도 엄청 귀여움",3일 전,0
ㅏ아 ㅅㅂ 진짴ㅋㅋㅋㅋㅋㅋㅋㅋㅋㅋㅋㅋㅋㅋ 제재조합 너무 좋아 제시 진짜 좋음!!!,2일 전,0
dudeee let her and jaemin having a chat with a lot of americano,1주 전,17
론닝맨에서 유재석이 제씨 시끄러워질때 제씨!!컴온 하는데 제시가 첨엔 말안듣다가 막판갈수록 길들여져서 오켕쏘리~ 하면서 깨갱하는거 졸귀인데 ㅎㅎ,4일 전(수정됨),12
"에브리세 노 ㅋㅋㅋㅋㅋ개웃기네 
명대사 너무 많은데ㅋㅋㅋㅋㅋㅋㅋㅋ",2일 전,0
0:18 아뭬릐콰노 윋 어 리틀 빗 헤이즐눳 쉬뤕,2일 전(수정됨),0
0:19 계속 듣게 됨..발음에 치인다,2일 전(수정됨),0
진짜 제시 졸라 웃기다 요새 내 웃음버튼ㅋㅋㅋㅋㅋㅋㅋㅋㅋㅋㅋ,2일 전,0
광희~  예쓰~~~~으~~~~,3일 전,3
ㅋㅋㅋㅋㅋㅋㅋㅋ제시 여자박준형 같다,4일 전,2
1:57 난 이게 개웃김ㅋㅋㅋㅋㅋㅋㅋㅋㅋㅋㅋㅋㅋㅋㅋㅋㅋ 카메라 보고 그라데이션 흥분,2일 전(수정됨),0
노래 제목 Don't Touch Me 로 갑시다!!,3일 전,2
"매니저 마동석추천.
쎈언니 4명 사이에서 아프고 살 빠져가는 마요밐ㅋㅋ",1주 전,4
1:18 뿌소뿌소ㅋㅋㅋㅋㅋ먼말인지 모르겠는데 또 어떤 느낌인지는 알게씀ㅋㅋㄱㅋㅋㅋ,7시간 전,0
ㅋㅋㅋㅋㅋㅋㅋㅋㅋㅋㅋㅋ 요즘 제시가 제일 웃기고 귀여움 ㅋㅋㅋㅋㅋㅋㅋㅋ 내눈앞에 없어서 하는 말 맞음,3일 전,0
새우 ㅋㅋㅋㅋㅋㅋㅋㅋㅋㅋㅋㅋ,1주 전,4
Isnt that the Najib poster?,1일 전,0
오우 제시 언니 먹을 줄 아시네 ㅠㅠㅠ 헤이즐넛 아메리카노 날 움직이는 기름..,2일 전,0
제시~ 너무 좋아요! ㅋㅋㅋ 홧팅~,1주 전,5
"형, 망고 없는 망고 바나나 주스보단 낫잖아 ㅋㅋㅋㅋㅋ",4일 전,3
0:46 유재석 반응 ㅈㄴ 웃겨 미친 거 아니야?ㅋㅋㅋㅋㅋㅋㅋㅋ,2일 전,0
앜ㅋㅋㅋㅋ꿀잼이얔ㅋㅋㅋㅋㅋㅋㅋㅋㅋㅋㅋㅋㅋ,4일 전,1
광희오빠 또 나오면 좋겠다,2일 전,2
두분이 커플상 받으면 좋겠다,4일 전,6
세형 세호가 우리입장에선 스티븐 스티브 급인건가,1일 전,0
"0:18 
ටㅏ~메뤼카노우 윗어우 ㄹ리를 빗 ન hey즐럿 see뤕?",1일 전(수정됨),0
제시는 조절이 좀 필요하지만 그래도 수긍하고 잘따라주니까 미워할수가 없네,1일 전,0
아진짜존ㄴ나웃겨시발ㅋㅋㄹㅋㅋㄹㅋ,1일 전,0
제시가.나랑 같은 커피스타일이네..아메리카노에 헤이즐시럽추가~^^,1일 전,0
둘이 진짜 ㅋㅋㅋㅋㅋㅋ,4일 전,1
제시가 입은 저런 나시티 어디서 파는지 아시는분 ㅠㅠㅠㅠㅠㅠ,2일 전,0
제시 귀여워❤️ 이 센 여자가 귀여워 보이는 날이 오다니!,3일 전,0
잉스타에 홍진경 언니도 나오든딬ㅋㅋㅋ,4일 전,1
Every 세 No! ㅋㅋㅋㅋㅋㄱㅋㅋ,2일 전,0
Omg hahahah 😂 these two are hilarious,6일 전,0
만지지 말라는거 너무 웃겨,2일 전,1
제씨 컴 온!~~~~ 할때 왤케 웃김...ㅋㅋㅋㅋ 그 말에 모든말이 다 함축되어있어 ㅋㅋㅋㅋ 아낙....,2일 전,0
졸라 영상 내내 미소짓고 있다...♥,1일 전,0
개웃긴닼ㅋㅋㅋㅋㅋㅋㅋㅋㅋㅋㅋㅋㅋㅋ,4일 전,1
2:01 휴먼제시체는 ㅊ도 평범하게쓰지않지 ㅋㅋㅋㅋ착 저게뭐야 지금봤넼ㅋㅋㅋ,3일 전,0
"Yups, no seho, please. He is not funny. Kwanghee and Sehyung are better and funny.",1주 전,7
That Najib portrait at the back LMAO,3일 전,0
0:34 넘 귀엽😆😆😆헤이즐시럽 덕후 제시,4일 전,1
Yes! Kwanghee oppa! 🙏,1주 전,2
제시 전나 조아 ㅋㅋㅋㅋㅋㅋㅋㅋㄲ,20시간 전,0
나 요즘 내 웃음지룈ㅋㅋㅋㅋㅋㅋㅋㅋㅋ 나죽엌ㅋㅋㅋㅋㅋ 오우 러브부터 유돈 터치밐ㅋㅋㅋ,2일 전,0
광희 ㅈㅂ 나와주세요 수발놈 넘 좋았어,3일 전,2
ㅋㅋㅋㅋㅋ아 제시 진짜 귀엽네 저게 무슨 센언니 ㅠㅠㅠ,3일 전,0
"""왜 일케 다 새우요?"" ㅋㅋㅋㅋㅋㅋㅋㅋ",18시간 전,0
ㅋㅋㅋ개웃김 지금 주문받는게 아니래 ㅋㅋㅋ,2일 전,0
세상 단호한 no ㅋㅋㅋㅋㅋㅋ,1일 전,0
아 세호부분도 웃긴데 왜 짤랐지 ㅠㅠㅋㅋㅌ,2일 전(수정됨),0
아진짜 보면서 엄청웃음ㅋㅋㅋㅋㅋㅋㅋㅋㅋㅋㅋㅋㅋㅋㅋ제시 너무웃겨,3일 전,0
에브ㄹㅣ 세 놐ㅋㅋㅋㅋㅋ아제시진짜웃겨죽겟네ㅜㅋㅋㅋㅋㅋㅋㅋㅋ,7시간 전,0
아 제시 너무 귀여워 ㅋㅋㅋㅋㅋㅋㅋㅋㅋㅋㅋㅋ,4일 전,1
근데 광희 의사는?ㅋㅋㅋㅋㅋㅋㅋㅋㅋㅋㅋ,20시간 전,0
새우 ㅋㅋㅋㅋㅋㅋㅋㅋㅋ시밬ㅋㅋㅋㅋㅋㅋㅋㅋㅋㅋㅋ,2일 전,1
헤이즐눳 cㅣ뤕ㅋㅋㅋㅋㅋㅋㅋㅋㅋㅋㅋㅋ,3시간 전,1
어얽ㅋㅋㅋ 커피 하루에 7잔이면ㅋㅋㅋ어얽ㅋㅋㅋㅋㅋㅋㅋㅋㅋㅋㅋㅋㅋㅋㅋㅋㅋㅋㅋㅋㅋㅋㅋㅋㅋㅋㅋㅋㅋ,3일 전,2
아뭬리카노 윗 리를빗 헤이즐넛 씨럽ㅋㅋㅋ 개웃겨ㅋㅋㅋㅋㅋㅋ,3일 전,0
0:19 내 최애 ㅋㅋㅋㅋㅋㅋㅋㅋㅋㅋㅋ예능신이다 진짜,3일 전,0
ㅎㅎㅎㅎㅎㅎㅎㅎ 엄청 웃었네요,4일 전,2
알면 알수록 제시는 사랑스럽다!,3일 전,1
2:34 ㅋㅋㅋㅋㅋㅋ미친ㅋㅋㅋㅋㅋㅋㅋㅋㅋㅋㅋㅋㅋㅋㅋㅋㅋㅋㅋㅋㅋㅋㅋㅋㅋㅋ,3일 전(수정됨),0
"제시 너무 좋아 .,,,",1일 전,0
ㅋㅋㅋㅋ아 나 이 케미 젤 웃김ㅋㅋㅋㅋㅋㅋㅋㅋ,7시간 전,0
2:32 아아 세찬이덩생? 아니 세찬이형~ 아 형이에요? 오 노오호 노호 EVERY 세 No ㅋㅋㅋㅋㅋㅋ,3일 전,0
홍진경 누님 매니저 좋을거같다늗 글 봤는데 너무 공감입니다!!,3일 전,1
they're hilarious,3일 전,0
Every 세's no!!! 줴씨언니 덕분에 사이다 사발로 마심,3일 전,0
아일럽은비 ㅋㅋㅋㅋㅋ,2일 전,0
???:제ssi~ 커어몬~,3일 전,1
1:36 제시존귀ㅋㅋㅋㅋㅋㅋ,2일 전,0
유재석이 한 개구장이인데 제시가 더 개구장이라서 유재석이 항상 맛대맛으로 대하는듯 ㅋㅋㅋ 런닝맨에서 티격태격 케미 좋던데,2일 전,0
호현주 너무 귀여워 ㅠㅜㅠㅠ. ❤️❤️❤️❤️❤️,3일 전,0
아니 홍진경언니하자니께여,4일 전(수정됨),2
조세호가 낫지   광희는 쫌  ...,1일 전,0
자막 때문에 더웃겨 ㅋㅋㅋ,2일 전,0
자막이 제시 살리네 ㅋㅋㅋㅋㅋㅋ 제시 볼수록 ㅈㄴ 웃김,2일 전,0
에브리 세 노ㅋㅋㅋㅋㅋㅋㅋㅋㅋ,4일 전,1
의외로 배우분이나 예능에서 잘 못보던 분이 매니저해도 재밌을 것 같긴한데..! ㅎㅎ이번주 기대되네용,3일 전,0
아개웃기다 미치겠음 ㅋㅋㅋㅋㅋㅋㅋㅋㅋㅋㅋㅋㅋㅋㅋ,2일 전,0
"갑자기 든 생각인데..
유재석은 제씨가 텔레그나에 나간 것은 또 어찌 알았지? 엄청 바쁠텐데 MC하려고 다 체크했나봐.",1일 전,0
유느는 친한 사람들 모니터링 다함.,15시간 전,0
아니 제시한테 왜 광희체 자막이 나오냐고 ㅋㅋㅋㅋㅋㅋㅋ,3일 전,0
광희 가쟈~~,1주 전,10
난 치명이하면 좋겠는뎅..,2일 전,0
제시말대로 제발 매니저  광희 ~~~~~,1일 전,0
제시 언니 뭘 좀 아네 아메리카노에 헤이즐넛 시럽 약간 넣어먹음 한도 끝도 없이 들어감,2일 전,0
홍진경언니 어때요ㅋㅋㅋㅋㅋㅋ,3일 전,1
제시 넘 귀여워,23시간 전,0
"확실히 유재석 부캐하니까
다양해서 좋다",2일 전,0
새웈ㅋㅋㅋㅋㅋㅋㅋㅋㅋㅋ개웃기닼ㅋㅋㅋ쿠ㅜ,2일 전,0
하 나만 언니쓰 다시 보고싶냐?,11시간 전,1
"[영상] 제2차 한반도 전쟁 시나리오
*클릭: https://www.youtube.com/watch?v=m_FUYv6chiA",2일 전,0
Laughed out loud although there's no subtitle 🤣,1주 전,14
same,1주 전,1
Them and Kwanghee would be the best combo 👍,1주 전,8
유재석 악필이네...ㅎㅎ,5일 전,1
😂😂😂😂😂😂the j duo makes me day!!,1주 전,0
"나, 텔레그나 나갔어여??? ㅋㅋㅋㅋㅋㅋㅋㅋㅋㅋㅋㅋㅋㅋ",3일 전,0
아 제시 진짜 너무재밌다,3일 전,0
광희 좋아요ㅠㅠ,2일 전,0
1:00 테이블보 ㅈㄴ 갖고싶다,3일 전,0
노홍철씨 어떨까요? 말도 많으시니 네분 수다 다받아주고 또 착하기도 하면서 약간 사기꾼 기질 때문에 네분 뒤통수 때리는 일 발생하면서 재밌을거 같은데,4일 전,9
유재석이 나는어때 할때 말투가 싫다고 하는줄 알았는데 좋다고 하는거였네 ㅋㅋㅋㅋㅋㅋ,3일 전,0
제시 사랑해❤️,3일 전,0
i really love Jessi's love for coffees,4일 전,0
군데 나라묜 0:47  상처.. 넘나 별거 아닌거에 휴ㅠ,2일 전,0
ㅋㅋㅋㅋㅋㅋㅋㅋㅋㅋㅋㅋㅋㅋㅋㅋ,4일 전,1
왤케 다 새우에요?ㅋㅋㅋㅋ재밌다,1일 전,0
세호오빤 그만 해주세요. 너무 유재석 아저씨랑 자주해요,3일 전,1
Waiting for the eng sub huhuh,1주 전,5
노세ㅋㅋㅋㅋㅋㅋㅋㅋㅋㅋㅋㅋㅋㅋㅋㅋㅋㅋㅋㅋㅋㅋㅋㅋ,3일 전,0
제시너무귀여워요 케미도맞고 재밌다 😄,2일 전,0
제시 글씨체도 광희처럼 삐뚤삐뚤하네ㅋㅋㅋㅋㅋㅋㅋㅋㅋㅋㅋㅋㅋㅋㅋ,3일 전,0
"Jessie : Se Chani dongsaeng? 
Jea Seok : Se chani hyeong
😂😂😂😂😂",6일 전,0
we need English subtitle 😭😭😭,1주 전,0
Jessi not remembering people name is so iconic tho it makes me laugh and frustrated everytime lol she might not know some of her friends korean name lol,1주 전,12
Korea name so complicated,1주 전,1
@MAMACAO I mean she is korean herself  but lives in states maybe that's why🤔 but it's just jessi and her personality tho she goofy 🤣🤣 I love her!,1주 전,2
제시 귀여워~^^♡,2일 전,0
I need eng sub.. someone please.,1주 전,0
커피 7잔ㅜㅜ 건강걱정되네요,3일 전,0
진짜 개 웃겨가지고 계속 웃었는데,3일 전,0
식스센스에서도 제제케미 대기탑니다,3일 전,0
想看有中文字幕的，給台灣觀眾,3일 전,0
유느님♡제시♡광희♡,3일 전,1
제시 립 이뿌당 정보 아시는 분,3일 전,0
1:57 ME TOO!,5일 전,0
제시는 너무과하네 에구 무슨커피를7잔,2시간 전,1
매니저 홍진경해주세요...ㅋㅋㅋㅋㅋㅋㅋㅋㅋㅋㅋㅋㅋㅋㅋㅋㅋㅋㅋㅋㅋㅋㅋㅋ,3일 전,0
ㅋㅋㅋ,1일 전,0
ㄴㅓ~~~~~무 재밌다 어떻카니~~~,18시간 전,0
0:20 아메리카노 with a little bit hazelnut syrup?,4일 전,0
yes I want 광희!!!!!!!!!!,2일 전,0
헤이즐넛 시럽~알랍 투😘🥰,2일 전,0
"@2:38 No prawns...….but battered flatfish, a cup of Americano with hazelnut syrup. thank you.",1주 전(수정됨),0
"Jessi ognnni come to Ethiopia(birth place of coffee) u will drink to ur heart content (we do all day part of culture thing)! 

Jessi x kwanghee 🤗 love to c it! It will be friendly chaotic!",1주 전,0
새우ㅋㅋㅋㅋㅋㅋㅋㅋㅋㅋㅋㅋㅋㅋㅋㅋㅋㅋ,4일 전,0
"Dear MBC, International fans want subtitles please.. :)",6일 전,0
They.... are Real siblings... Hahaha😂😂😂😂,1주 전,8
제시언냐 반묶음 개이쁘당ㅜ,3일 전,0
Yesss 오우 love~,4일 전(수정됨),0
제시가 제일 재밌다 솔직히,12시간 전,0
유재석 글씨에서 인간미가 느껴짐,4일 전,0
나는 제시너무좋아,3일 전,0
"광희,,, 제발 광희",2일 전,0
유재석은 역시 조세호 밀어주네 ㅋㅋㅋ,16시간 전,0
진경언니 가쟈,4일 전,1
홍진경 매니저 어떤가요??,3일 전,1
Where i can watch the full episode???,1주 전,2
"you can watch it in here: full ep
http://kisstvshow.to/Show/How-Do-You-Play/Episode-58?id=24706&s=beta&pfail=1",1주 전,0
하루 7잔이면.. 어우 항상 업된 이유가 있네.. 수면장애도 있고 신경계가 맛이 갔겠다..,3일 전(수정됨),0
"하루에 커피 7잔?!
7cups of coffee for every day?!
每天都要喝七杯咖啡？！",1주 전,0
아앜ㅋ,7시간 전,0
홍진경!!!!!!!!!!!! 진경언니 추천이요!!!!!!!!!!!!!!! 제씨랑 언니들의 슬램덩크 한 적 있어서 잘 맞을거 같은데!!!!!!,3일 전,1
아이씨 제일 웃긴 부분 바로 전에 끊었네,4일 전,0
역시빠빵터지는... 웃음조합,2일 전,0
꿀잼,1일 전,0
컴온~♡웃겨,2일 전,0
Eng plss:(,1일 전,0
ㅎㅎㅎㅎㅎㅎㅎㅎㅎㅎㅎㅎ,1일 전,0
Come on! Don't touch me! Hahahahahahaha,5일 전,0
Love this two,1주 전,0
피곤 모먼트 0:15 0:23 0:55 2:55,2일 전(수정됨),0
커몬~,3일 전,0
제시랑  유재석 티키타카 은근 재미,48분 전,0
대충좀 먹지 뭔 아메리카노에 헤이즐넛시럽이야,3일 전,0
예스!!!! 아이 원트 광희!!!!!!!!,6시간 전,0
JE-SUK 😂,1주 전,2
ㅈㄴ웃겨시밬,3일 전,0
Jessi is just TV variety gold. I loooooove herrr,1주 전,1
"I see Jessi, I click",3일 전,0
0:24 majestic,6일 전,0
양세형 좋은데 ㅋ 더 재밋을것같음 ㅋ,3일 전,0
Jessi is hilarious 😂😂😂😂😂,4일 전,1
배경음악. 뭔지 아시는분??,4일 전,0
홍진경언니해주라주,3일 전,0
지석진 하면 완전 대박일 듯,4일 전,1
Engsub plisssssss ..,1주 전,9
홍진경님 진짜 잘어울리실것같아요! 멤버들과 친분도 있고 유느님과도 케미좋고 그리구 재밌으시고!!,4일 전,6
"한국말도 못하는 외국인 데다가
말장난. 뭐하냐?",3일 전,0
광희 가즈아₩~~!!!!,4시간 전,0
Every sae no.... 🤣,15시간 전,0
여자 쭌형 아닌가요?,3일 전,0
English subtitles 😭😭🙏,4일 전,0
Dynamic duo 😍,1주 전,0
I GUESSS MBC DONT HAVE A TRANSLATOR THOOO 👎🏼👎🏼👎🏼👎🏼,2일 전,0
홍진경 ㄲ,3일 전,0
Джесси))очень веселая и красивая.,1주 전,0
이거몇화에요?,3일 전,0
What episode number is this?,1주 전,2
Episode 58,6일 전,1
노세,3일 전,0
세형은 절대 안된다 세형 ㅈㄴ 별로임,3일 전,0
put english sub please..,1주 전,0
Subtitle pleaseeeeeeeee😰😰😰😰,1주 전,0
평소에 보기 힘든 남자배우로 갑시다 ㅋㅋㅋ 유느님 인맥이면 소지섭 송중기 가능할거 같은데.ㅜ,3일 전,1
English sub pleaseeeee 😭😭😭,1주 전,0
Hahahahaha...every Se no. No SEs.,1주 전,3
Jaesuk is like me when someone with really long fingernails keeps touching me.. I just really hate it heh,1주 전,3
"A hand is nasty, period. Not just because of long nails.",1주 전,1
❤❤ I LOVE JESSI SO MUCH ❤❤,3일 전,0
🤣🤣🤣🤣🤣🤣,4일 전,0
진짜 세호 세형 세찬 그만좀 나와 재미없어ㅜㅜㅜ,2일 전(수정됨),0
ㄹㅇ 누구든 매니저 양세형이면 좋을거같음 재밌고ㅋㅋㅋ,3일 전,0
jessi so cuteee....,6일 전,0
So much funny!!!,4일 전,1
English sub pleaseeeeee,3일 전,0
OMG jessi is soo funny,4일 전,2
Jessi and jaesok hahaha,6일 전,1
I'm pretty sure that yangse bros don't want her either.,1주 전,1
"Every Se no , no, no",1주 전,0
제발 매니적 광희+홍진경,4일 전,1
난 광희 N0~~~,2일 전,0
4th,1주 전,1
무도처럼 안 망할려면 그녀석을 또 나오게하지말도록~^^,2일 전,0
"ㅡ.ㅡ 양세형은 안 어울리고 놀면뭐하니에선 좀 안맞을것갔고, 조세호는 견손만하면 괜찮은데.. 센스도 없어서 진짜 재미 없을것같고.. 여긴 완전 광희가 들어가야된다고 생각해요 센스 있고 똑똑하고 유재석하고 캐미도 넘쳐나고 무엇보다 겸손하고 또 겸손 김태호 피디님 광희 나오게 해주세요",4일 전(수정됨),3
매니저 이승기 ㄱㄱ,4일 전,0
Jesssi,1주 전,0
매니저 노홍철 추천합니다 개꿀잼일텐데,2일 전,3
Best duo,1주 전,1
매니저 노홍철은 안될까유.. 그 녀석이 사라진지도 벌써..,4일 전,16
No 광희 please x100,1주 전,0
제시 성대 내시경 해봐야할듯... 저렇게 과다 투입하면 쉰목소리의 원인이됨...,3일 전,1
뭘 투입했데 또,3일 전,0
Jessi is so funny,1주 전,1
jessi is naturally funny,6일 전,0
유병재도  괜찮을거   같은데,4일 전,1
Jessi Americano,1주 전(수정됨),0
이거 무조건 성공하겠네  넷중에 린다g가 제일약하네 들러리라해야하나 가창력 제일딸림,3일 전,1
제시.... 좀... 짜증..!! 목소리.!. 무개념..!,3일 전,0
광희 다 좋은데 좀 지겹겠는디 그림이 다그려지는듯...세호나 세영이..좀새롭지안은까..,4일 전,0
"광희 세호 세형 이제 그만
신선한 인물 좀 보자요",3일 전,0
15세에 한국왔다고? 공부를 얼마나 안했으면 한국어가 저지경이냐ㅋㅋㅋㅋ 외국인들도 한국에 3년만살면 저것보다 훨씬 한국말 잘하겠네,1주 전,13
사유리처럼 컨셉일듯,1주 전,0
ㅋㅋㅋ말통하면 됐죠;;,4일 전,0
15세에 한국와서 잠깐 활동했다가 중간에 미국 왔다갔다함,4일 전,0
애초에 그 스타일로 밀고 나가는거임. 한국어 똑바로 했으면 노매력임,4일 전,0
"세호님이랑 세형님은 하는 일도 많고 자주 보이는데 일정한 텐션을 뽑아줘서 방송계에서 좋아하는거 같긴 하지만 출연빈도 높고 패턴이 비슷해서 신선하지는 않음... 둘을 합친 사람이 있다면 탱킹 어그로 둘 다 될텐데 서로 하나씩 밖에 못해서 더 그렇지 안나 싶음... 개인적으로 백파더에서 세형님 진행의 한계가 보이기도 하고, 제시 이효리 받쳐주기엔 세호님이 좋다고 생각.",2일 전,0
광희 극혐,2일 전,0
